customer_id,customer_name,gender,email,phone,city,state,country,registration_date
C00001,Anvi Konda,Female,liamchaudry@example.net,8196001338,Kishanganj,Gujarat,India,2025-05-02
C00002,Thomas Sen,Male,abeer26@example.com,2351161559,Varanasi,Telangana,India,2025-07-25
C00003,Kritika Brar,Male,janaki93@example.net,910341316475,Uluberia,Kerala,India,2024-10-17
C00004,Ekbal Garg,Male,nihalshere@example.com,8350305641,Tezpur,Tamil Nadu,India,2024-01-17
C00005,Meghana Shanker,Male,alkadewan@example.org,8849696532,Mysore,Tripura,India,2024-05-11
C00006,Michael Dutta,Other,ybhatt@example.com,7848018451,Raebareli,Goa,India,2023-07-23
C00007,Xiti Gokhale,Other,misrayashica@example.net,912528809570,Mirzapur,Uttarakhand,India,2024-10-11
C00008,Dalbir Khosla,Male,chadavedika@example.org,2278248963,Bijapur,Madhya Pradesh,India,2025-11-02
C00009,Raksha Varughese,Male,pdara@example.org,915098393010,Jabalpur,Arunachal Pradesh,India,2026-05-27
C00010,Yoshita Khanna,Male,vedika38@example.org,9973763116,Bhusawal,Maharashtra,India,2025-12-30
C00011,Guneet Bhat,Female,znori@example.org,913387262473,Mango,Uttar Pradesh,India,2024-10-25
C00012,Chandresh Zachariah,Other,chanderwarjas@example.org,7736026064,Baranagar,Maharashtra,India,2026-01-01
C00013,Mohammed Gupta,Female,teerth09@example.net,500978820,Gaya,Assam,India,2025-07-04
C00014,Netra Dar,Other,balveerbumb@example.com,9985435346,Dewas,Manipur,India,2025-03-15
C00015,Aditya Shanker,Other,borahtanay@example.net,2513542784,Begusarai,Jharkhand,India,2024-05-13
C00016,Krish Lalla,Other,chhabranachiket@example.com,9353487401,Bally,Arunachal Pradesh,India,2026-03-19
C00017,Adweta Edwin,Male,jsane@example.org,911280598262,Aizawl,Kerala,India,2023-06-05
C00018,Ishita Kade,Female,harshilpandya@example.net,9232260256,Shimoga,Goa,India,2026-02-11
C00019,Lavanya Barad,Female,mkapadia@example.com,4330365414,Danapur,Madhya Pradesh,India,2025-10-11
C00020,Ayaan DAlia,Other,pranav94@example.org,919655698169,Rohtak,Arunachal Pradesh,India,2025-06-15
C00021,Zinal Yohannan,Other,janujasankar@example.org,5951484656,Begusarai,Chhattisgarh,India,2025-07-17
C00022,Owen Mitra,Other,tacharya@example.com,916995777387,Guwahati,Jharkhand,India,2023-12-29
C00023,Girik Keer,Female,umang32@example.org,913791769367,Latur,Chhattisgarh,India,2024-12-17
C00024,Hredhaan Sandal,Other,patrickvasa@example.com,918317278895,Pudukkottai,Uttarakhand,India,2025-05-21
C00025,Sanaya Dutt,Male,qsengupta@example.org,4873471434,Imphal,Nagaland,India,2025-07-29
C00026,Vihaan Rajagopal,Female,tanishbhatt@example.com,5876036690,Morena,Andhra Pradesh,India,2023-08-29
C00027,Madhavi Saini,Other,vinayakanda@example.com,7065627298,Singrauli,Odisha,India,2026-03-31
C00028,Fiyaz Sangha,Other,triyagopal@example.org,6537556464,Nandyal,Andhra Pradesh,India,2025-02-09
C00029,Inaya Kapur,Other,bariaazaan@example.org,910923271937,Arrah,Goa,India,2025-08-30
C00030,Nihal Mukhopadhyay,Male,baldevika@example.net,6631931491,Sri Ganganagar,Nagaland,India,2025-03-27
C00031,Ekapad Toor,Other,advik67@example.org,5726284987,Junagadh,Uttarakhand,India,2024-09-13
C00032,Ekantika Korpal,Female,mallickshravya@example.org,9965075273,Rampur,Karnataka,India,2025-08-11
C00033,Advaith Varughese,Male,frederickkhurana@example.net,7837770143,Latur,Jharkhand,India,2024-04-03
C00034,Urvashi Wali,Male,pavani85@example.com,7444313518,Nellore,Gujarat,India,2025-05-29
C00035,Barkha Chaudhry,Male,chamankaran@example.com,914082400842,Kota,West Bengal,India,2025-08-19
C00036,Upasna Srinivas,Male,loak@example.org,7116719022,Guwahati,Haryana,India,2023-06-15
C00037,Upkaar Virk,Female,cseshadri@example.com,6499091334,Sangli-Miraj & Kupwad,Haryana,India,2023-10-09
C00038,Naksh Agate,Male,sseshadri@example.net,4034471349,Khandwa,Bihar,India,2023-12-09
C00039,Amaira Dhar,Other,bhasinnoah@example.com,9471746488,Bahraich,Assam,India,2025-01-18
C00040,Ekantika Krishna,Female,chandveer@example.net,9049027874,Bhimavaram,Maharashtra,India,2025-03-18
C00041,Gavin Singhal,Female,nilima55@example.net,912567468071,Nizamabad,Karnataka,India,2025-04-27
C00042,Yoshita Agarwal,Other,,8760385977,Kurnool,Himachal Pradesh,India,2023-10-07
C00043,Raksha Sundaram,Male,balakrishnanwriddhish@example.net,914808613171,Panchkula,Tamil Nadu,India,2025-01-23
C00044,Ojasvi Subramanian,Other,dkohli@example.net,916398214658,Delhi,Jharkhand,India,2024-04-16
C00045,Manthan Sekhon,Other,vpai@example.net,6753396360,Bhalswa Jahangir Pur,Tamil Nadu,India,2025-08-05
C00046,Libni Doshi,Male,ibansal@example.net,5171870262,Nandyal,Uttar Pradesh,India,2026-02-27
C00047,Mitali Buch,Other,lajita57@example.net,919134316117,Dewas,Andhra Pradesh,India,2026-04-29
C00048,Chaaya Parmer,Female,raagini23@example.net,9222196937,Ahmednagar,Manipur,India,2023-07-22
C00049,Aadhya Andra,Female,,4821759464,Barasat,Gujarat,India,2025-05-01
C00050,Hredhaan Khalsa,Other,kparmer@example.com,4064090974,Medininagar,Uttar Pradesh,India,2026-06-01
C00051,Zashil Devan,Female,baraldayamai@example.com,919521456232,Bettiah,Mizoram,India,2024-06-22
C00052,Aarini Subramaniam,Other,hamsini17@example.org,913685160481,Arrah,Sikkim,India,2026-02-27
C00053,Lakshmi Prabhu,Female,kaururishilla@example.org,8593174612,Agra,Jharkhand,India,2025-08-30
C00054,Gunbir Keer,Other,lipikasetty@example.com,8692617964,Uluberia,Gujarat,India,2026-05-28
C00055,Janani Chaudhary,Male,jagrati06@example.com,911713900532,Coimbatore,Uttarakhand,India,2024-09-29
C00056,Tarak Kaul,Other,manbir90@example.com,912842102053,Pune,Goa,India,2025-09-17
C00057,Oviya Vora,Other,bhattvamakshi@example.com,8917839084,Ludhiana,Arunachal Pradesh,India,2024-03-18
C00058,Pooja Chokshi,Other,esawhney@example.org,9212499856,Malda,Mizoram,India,2026-05-31
C00059,Ishwar Kale,Male,oseth@example.com,7661565452,Jabalpur,Assam,India,2025-03-26
C00060,Rachana Char,Male,kalpit80@example.net,8516560494,Vasai-Virar,Odisha,India,2025-11-29
C00061,Vasatika Kapur,Other,pallajhalak@example.org,9368998094,Bokaro,Himachal Pradesh,India,2024-12-09
C00061,Vasatika Kapur,Other,pallajhalak@example.org,9368998094,Bokaro,Himachal Pradesh,India,2024-12-09
C00062,Harinakshi Panchal,Male,gollaluke@example.net,6120183667,Sangli-Miraj & Kupwad,Kerala,India,2025-07-11
C00063,Frado Ben,Male,nakulbawa@example.net,914767976438,Hapur,Maharashtra,India,2024-05-08
C00064,Darika Bath,Other,meghabhakta@example.org,914324451076,Bikaner,Madhya Pradesh,India,2023-10-01
C00065,Xiti Pandya,Other,ranganathanbrijesh@example.com,917159696641,Jaipur,Karnataka,India,2025-01-05
C00066,Janaki Chakrabarti,Female,pcherian@example.com,6816453521,Bettiah,Mizoram,India,2023-12-07
C00067,Indali Divan,Male,harshildhingra@example.com,912921277997,Satna,Chhattisgarh,India,2023-12-31
C00068,Riya Mitter,Female,daksh58@example.org,7700541199,Surendranagar Dudhrej,Odisha,India,2024-09-25
C00069,Shivani Guha,Other,vamakshi82@example.org,1518203778,Bharatpur,Kerala,India,2025-01-29
C00070,Nilima Nigam,Male,nattdominic@example.com,918644925192,Tirupati,Rajasthan,India,2026-03-04
C00071,Kai Chad,Male,krisha52@example.net,8168505423,Shivpuri,Gujarat,India,2025-07-06
C00072,Mohammed Brahmbhatt,Female,harrison88@example.net,592962229,Bahraich,Arunachal Pradesh,India,2024-02-05
C00073,Sachi Mane,Female,ikaur@example.org,7359774688,Nanded,Uttarakhand,India,2024-08-25
C00074,Zashil Ben,Female,jprabhu@example.org,8141247826,Korba,Uttarakhand,India,2024-01-06
C00075,Avi Sachdeva,Male,randhawayadavi@example.com,916153051522,Baranagar,Uttarakhand,India,2024-10-08
C00076,Upasna Sen,Male,buchanirudh@example.com,912898614341,Mathura,Maharashtra,India,2024-10-31
C00077,Dev Choudhry,Male,bwason@example.net,9324609539,Gaya,Sikkim,India,2025-05-02
C00078,Ekansh Vora,Male,ramakrishnanupma@example.org,6540515319,Guntur,Arunachal Pradesh,India,2025-06-03
C00079,Parth Shetty,Male,zgopal@example.org,917043030548,Tinsukia,Meghalaya,India,2024-06-22
C00080,Bhavika Parikh,Female,narulaanjali@example.org,6676527758,Gwalior,Telangana,India,2024-03-05
C00081,Pranit Memon,Female,harshil15@example.net,4796275705,Panipat,Rajasthan,India,2024-09-09
C00082,Falan Ravi,Other,yochana20@example.org,7021355690,Hospet,Kerala,India,2026-05-11
C00083,Laksh Wagle,Male,mitali54@example.org,910278681447,Pudukkottai,Jharkhand,India,2024-07-13
C00084,Ryan Das,Other,ethanseth@example.org,7155188442,Mirzapur,Mizoram,India,2025-07-01
C00085,Liam Khalsa,Female,xbal@example.net,5782911467,Alappuzha,Uttarakhand,India,2024-02-02
C00086,Edhitha Borah,Other,rshukla@example.net,2892268018,Avadi,Goa,India,2025-02-21
C00087,Hiral Venkataraman,Male,farhan43@example.net,4249818299,Tirunelveli,Sikkim,India,2023-11-26
C00088,Benjamin Balakrishnan,Male,bathalka@example.net,919690784473,Bihar Sharif,Manipur,India,2025-04-16
C00089,Nakul Sarraf,Male,dsule@example.org,9255562588,Imphal,Haryana,India,2023-08-20
C00090,Shivani Kota,Other,gunbirbedi@example.com,9632595327,Panchkula,Jharkhand,India,2024-10-25
C00091,Maya Tiwari,Other,nkhosla@example.net,47974801,Guntur,Himachal Pradesh,India,2024-11-28
C00092,Jasmit Bath,Other,kbehl@example.net,915841687849,Warangal,Bihar,India,2025-08-07
C00093,Jasmit Dhawan,Male,yashodhararatti@example.net,910025787298,Khammam,Punjab,India,2024-08-06
C00094,Chandani Nayar,Female,emistry@example.org,5169409749,Faridabad,Odisha,India,2024-05-16
C00095,Manbir Kibe,Female,choudharyrayaan@example.org,5626368970,Kadapa,Gujarat,India,2024-11-09
C00096,Krisha Murthy,Male,triptiwalia@example.com,5497334843,Tumkur,Tamil Nadu,India,2025-02-05
C00097,Edhitha Srinivasan,Other,,8441986652,Kalyan-Dombivli,Jharkhand,India,2024-01-15
C00098,Hiral Sathe,Male,varenya33@example.net,8421993308,Muzaffarpur,Arunachal Pradesh,India,2026-04-14
C00099,Urmi Chaudhry,Female,abduldugar@example.com,7734540193,Akola,Maharashtra,India,2023-09-19
C00100,Balhaar Ranganathan,Female,vgrewal@example.com,910499154788,Guntur,West Bengal,India,2026-01-23
C00101,Reyansh Chowdhury,Other,nicholas74@example.net,910549329668,Chandigarh,Madhya Pradesh,India,2024-12-05
C00102,Logan Sood,Other,yuvraj04@example.com,917454990453,Kochi,Manipur,India,2025-06-04
C00103,Yadavi Mukhopadhyay,Other,merchantjhalak@example.net,913272795687,Shahjahanpur,Sikkim,India,2024-05-03
C00104,Sanya Wable,Male,faras91@example.org,8398225871,Ballia,Meghalaya,India,2025-09-06
C00105,Christopher Setty,Other,yochanasagar@example.com,874064039,Ranchi,Maharashtra,India,2023-09-09
C00106,Darpan Biswas,Other,sbalay@example.com,912656766182,Kochi,Goa,India,2024-06-13
C00107,Joshua Kapoor,Other,bajajchanchal@example.com,8686337524,Gorakhpur,Arunachal Pradesh,India,2026-05-25
C00108,Amol Khosla,Female,ekalingachaudhuri@example.net,917903067383,Kolhapur,Mizoram,India,2025-11-05
C00109,Eiravati Nagi,Male,chasmumdhar@example.net,3644089268,Nashik,Kerala,India,2026-05-25
C00110,Eiravati Saha,Female,tdixit@example.com,918733427086,Proddatur,Mizoram,India,2026-03-29
C00111,Aadhya Jani,Male,,1751830469,Srinagar,Gujarat,India,2023-10-26
C00112,Varenya Joshi,Other,chavvi03@example.org,1739363854,Kirari Suleman Nagar,Nagaland,India,2025-10-30
C00113,Advika Parsa,Other,gshukla@example.net,5355609320,Begusarai,Odisha,India,2025-05-12
C00114,Chakrika Dua,Other,,915369378547,Jaunpur,Goa,India,2025-02-25
C00115,Omkaar Dey,Female,igour@example.net,918010062312,Bellary,Mizoram,India,2025-08-13
C00116,Vasudha Sura,Male,ahujanisha@example.org,918484086211,New Delhi,Gujarat,India,2024-10-13
C00117,Irya Loke,Male,,1567933410,Machilipatnam,Madhya Pradesh,India,2025-04-11
C00118,Daksh Andra,Male,fitantata@example.com,5918033974,Aurangabad,Sikkim,India,2024-07-19
C00119,Praneel Murty,Other,johalmaanas@example.net,1429396856,Vijayawada,Mizoram,India,2026-03-12
C00120,Chatresh Chaudhari,Other,ekata@example.com,9965047735,Bhiwani,Goa,India,2025-08-27
C00121,Frederick Merchant,Male,ethanbutala@example.com,916265511047,Gopalpur,Bihar,India,2025-06-15
C00122,Raagini Sen,Male,bchauhan@example.org,8199560466,Karaikudi,Haryana,India,2023-10-25
C00123,Lajita Gara,Other,amrutamitra@example.com,2126464715,Shahjahanpur,Telangana,India,2025-02-17
C00124,Tanvi Chhabra,Female,dakshaahuja@example.com,9657569245,Nangloi Jat,Karnataka,India,2025-04-17
C00125,Eiravati Manne,Male,ukibe@example.com,6519398280,Bhagalpur,Manipur,India,2023-12-13
C00126,Nilima Tata,Male,chavvikhurana@example.com,2661797968,Tinsukia,Arunachal Pradesh,India,2025-10-23
C00127,Frederick Chopra,Female,ishaganesan@example.net,965610143,Amroha,Kerala,India,2025-10-15
C00128,Hemani Bakshi,Female,scheema@example.com,911254573875,Jalandhar,Manipur,India,2024-08-03
C00129,Eiravati Bhavsar,Male,chaitanya10@example.com,1238282586,Ahmednagar,Uttar Pradesh,India,2025-08-01
C00130,Quincy Sankaran,Female,vbalakrishnan@example.net,917966033419,Jorhat,Goa,India,2024-08-18
C00131,Tanvi Comar,Female,vrishti85@example.net,9691557924,Guntur,Karnataka,India,2024-07-06
C00132,Jackson Goswami,Other,lohit86@example.com,2966278282,Tumkur,Chhattisgarh,India,2023-10-09
C00133,Chatresh Parmer,Male,sundaramlaban@example.org,8876767721,Muzaffarnagar,Jharkhand,India,2023-12-24
C00134,Bhavya Ganguly,Male,jtandon@example.net,919148580783,Kota,Telangana,India,2023-07-07
C00135,Chameli Bali,Male,wlall@example.org,1339596292,Tiruppur,Uttar Pradesh,India,2025-11-27
C00136,Avni Yohannan,Other,ekiyamaster@example.com,4812604223,Pondicherry,Uttarakhand,India,2023-08-06
C00137,Vrishti Dhar,Other,oeshi67@example.org,1684577590,Berhampore,Rajasthan,India,2024-02-28
C00138,Dev Warrior,Male,bkamdar@example.org,4545892975,Ranchi,Bihar,India,2025-05-29
C00139,Amol Dash,Male,ridhishan@example.org,3242415415,Faridabad,Madhya Pradesh,India,2025-04-18
C00140,Pushti Chand,Other,agarwaltanay@example.com,912938700516,Morena,Assam,India,2025-04-17
C00141,Harsh Chauhan,Other,jhalak42@example.com,912189092753,Bulandshahr,Punjab,India,2024-02-07
C00142,Gabriel Chaudhry,Other,jatinrajagopalan@example.com,5234138999,Indore,West Bengal,India,2025-06-23
C00143,Samesh Vasa,Other,manyamerchant@example.net,913761379180,Ratlam,Chhattisgarh,India,2025-12-16
C00144,Jasmit Gera,Female,bbora@example.net,910430068486,Rewa,Assam,India,2024-07-29
C00145,Arunima Chacko,Female,farhan83@example.org,5691463031,Bhiwandi,Manipur,India,2025-05-04
C00146,Dayamai Gill,Male,aroralaksh@example.net,912758842524,Ludhiana,Karnataka,India,2025-04-03
C00147,Devansh Lall,Female,tanejatamanna@example.net,792524191,Danapur,Andhra Pradesh,India,2025-11-02
C00148,Yash Batra,Other,ypatla@example.org,910863536541,Jamshedpur,Mizoram,India,2023-07-20
C00149,Praneel Kapoor,Male,rattanekapad@example.com,4518705349,Latur,Manipur,India,2025-06-08
C00150,Rohan Korpal,Other,abeerrout@example.org,918505064138,Gurgaon,Meghalaya,India,2024-07-09
C00151,Ati Chander,Female,katazinal@example.com,5719182619,Raebareli,Sikkim,India,2026-04-20
C00152,Bishakha Lal,Female,maya55@example.com,3132912127,Satara,Maharashtra,India,2026-04-23
C00153,Sarthak Seth,Other,ubika41@example.org,914903521356,Dewas,Himachal Pradesh,India,2023-10-12
C00154,Azaan Ravel,Other,gkrish@example.com,912100323651,Aurangabad,Andhra Pradesh,India,2025-11-16
C00155,Sachi Dave,Male,narulajason@example.org,296670662,Kakinada,Goa,India,2026-05-29
C00156,Manthan Banerjee,Other,chakrikatara@example.com,7014626383,Eluru,Uttar Pradesh,India,2024-03-29
C00157,Vedhika Padmanabhan,Male,lipika42@example.org,9304078593,Salem,Haryana,India,2025-07-22
C00158,Daksh Kanda,Female,,6522395590,Tezpur,Odisha,India,2025-05-21
C00159,Waida More,Female,vrittibarad@example.org,913930870593,Mau,Tamil Nadu,India,2023-11-04
C00160,Daniel Bains,Male,luckychoudhry@example.net,1569154522,Morbi,Rajasthan,India,2023-12-13
C00161,Udant Gill,Female,umohanty@example.net,2209690295,Buxar,Bihar,India,2024-05-14
C00162,Garima Brahmbhatt,Male,idikanagarajan@example.org,1570433154,Mumbai,Arunachal Pradesh,India,2026-03-24
C00163,Ojas Sachdev,Male,wradhakrishnan@example.net,1793271040,Bhilwara,Bihar,India,2024-07-28
C00164,Keya Dyal,Other,chanderhamsini@example.net,7062962015,Jhansi,Maharashtra,India,2023-08-22
C00165,Baghyawati Mishra,Male,gopalbawa@example.com,8720506149,Kollam,Bihar,India,2025-07-05
C00166,Bishakha Bumb,Male,tdalia@example.com,7418625652,Varanasi,Himachal Pradesh,India,2023-06-30
C00167,Upkaar Luthra,Other,doragunbir@example.org,5869380686,Chapra,Haryana,India,2024-09-25
C00168,Megha Banerjee,Female,jaisen@example.org,913320616329,Imphal,Telangana,India,2024-11-04
C00169,Gagan Rama,Other,rnanda@example.net,998616229,Aligarh,Odisha,India,2026-02-27
C00170,Hemangini Roy,Female,leela79@example.net,246299606,Patiala,Arunachal Pradesh,India,2025-10-03
C00171,Kashish Bahri,Female,chavvi44@example.com,1324754691,Mango,Gujarat,India,2025-08-27
C00172,Vedhika Varty,Other,daksh82@example.org,8628902330,Patna,Manipur,India,2026-02-27
C00173,Rushil Mahal,Female,ucchal86@example.net,910357972798,Hapur,Goa,India,2023-07-27
C00174,Gautam Mane,Male,rajuchandran@example.org,3333468007,Malegaon,Punjab,India,2025-12-06
C00175,Zayyan Mody,Female,pallavi65@example.com,3748969108,Kishanganj,Rajasthan,India,2025-10-26
C00176,Chanchal Chokshi,Male,vbhatt@example.com,5444328309,Imphal,Sikkim,India,2025-03-13
C00177,Widisha Merchant,Male,omya66@example.net,919935387584,Proddatur,Goa,India,2023-11-02
C00178,Kabir Kuruvilla,Female,gautamichakraborty@example.org,3465549471,Meerut,West Bengal,India,2024-04-18
C00179,Urmi Hayer,Male,rajchanchal@example.com,912235697252,Morbi,Karnataka,India,2025-04-27
C00180,Dhriti Bhardwaj,Other,sethanusha@example.org,919271296666,Yamunanagar,Andhra Pradesh,India,2025-04-23
C00181,Kashvi Atwal,Other,rayaan00@example.net,3354216894,Amritsar,Uttarakhand,India,2023-07-13
C00182,Tamanna Venkatesh,Female,radha25@example.com,3260332309,Amravati,Kerala,India,2023-07-22
C00182,Tamanna Venkatesh,Female,radha25@example.com,3260332309,Amravati,Kerala,India,2023-07-22
C00183,Keya Kumer,Female,bavahritik@example.net,910167618472,Bangalore,Jharkhand,India,2025-07-20
C00184,Zinal Madan,Other,omyacheema@example.net,9141173934,Secunderabad,Tamil Nadu,India,2024-09-05
C00185,Balveer Taneja,Female,vasananarayanan@example.org,910119721811,Ahmednagar,Manipur,India,2024-08-24
C00186,Aishani Shetty,Female,chaudhryowen@example.org,5561100225,Bahraich,Punjab,India,2026-05-20
C00187,Kashish Oommen,Other,ishaanrattan@example.com,4676212021,Gudivada,Meghalaya,India,2024-03-22
C00188,Pratyush Raghavan,Male,ayush27@example.com,916701450899,Sonipat,Mizoram,India,2025-10-28
C00189,Rachita Kothari,Female,qpal@example.net,6289002877,Aurangabad,Tripura,India,2024-12-26
C00190,Ganga Mall,Male,tripathiudant@example.net,6631779717,Satna,Bihar,India,2024-11-21
C00191,Harshil Raval,Female,jbanik@example.net,911994883755,Rajahmundry,West Bengal,India,2026-05-11
C00192,Januja Sethi,Female,chatterjeetristan@example.org,5488510272,Aligarh,Himachal Pradesh,India,2024-10-12
C00193,Jai Ramaswamy,Female,tanvihalder@example.net,1609177982,Kolkata,Mizoram,India,2025-04-01
C00194,Vasudha Trivedi,Female,oscardave@example.org,9958669346,Durg,Manipur,India,2025-08-16
C00195,Nitara Vala,Male,dipta83@example.org,919452288515,Ballia,Odisha,India,2025-10-31
C00196,Bhavika Sami,Female,virkhredhaan@example.org,2003424420,Kurnool,Tripura,India,2026-03-31
C00197,Sneha Chaudry,Other,lopakhanna@example.net,4066658004,Udupi,West Bengal,India,2025-01-15
C00198,Umang Pillai,Male,,8933472122,Burhanpur,Arunachal Pradesh,India,2025-10-04
C00199,Kalpit Dyal,Male,abdul57@example.net,910259094798,Srinagar,Uttar Pradesh,India,2024-09-13
C00200,Qarin Verma,Male,tiwarinathaniel@example.com,8615335554,Tadipatri,Mizoram,India,2025-07-16
C00201,Ishwar Pal,Other,pkhosla@example.net,3056164840,Kottayam,Uttar Pradesh,India,2024-11-03
C00202,Caleb Minhas,Other,ekanivarkey@example.org,912880133613,Madurai,Telangana,India,2024-12-10
C00203,Tripti Narula,Male,chahalethan@example.org,914819346676,Satna,Andhra Pradesh,India,2025-06-22
C00204,Abeer Bhatnagar,Female,boraishita@example.net,914491476607,Deoghar,Haryana,India,2024-08-01
C00205,Chakrika Dhawan,Female,kashvi08@example.net,911009968814,Hapur,Gujarat,India,2023-10-29
C00206,Naveen Gour,Female,zayyanhari@example.org,919087814141,Amaravati,Meghalaya,India,2024-08-27
C00207,Kabir Keer,Male,maneekaraj@example.org,7759492995,Haldia,Goa,India,2026-04-09
C00208,Timothy Sarin,Male,jagvi25@example.com,7547812914,Siwan,Gujarat,India,2023-06-07
C00209,Faqid Bahl,Other,ravelsimon@example.org,4887256394,Madhyamgram,Mizoram,India,2024-03-16
C00210,Januja Thakkar,Other,kharenoah@example.net,917229927503,Ahmednagar,Assam,India,2024-12-12
C00211,Brijesh Jhaveri,Female,lipika77@example.org,915184498926,Ambarnath,Odisha,India,2024-03-17
C00212,Zansi Krishnamurthy,Other,hkapoor@example.com,5779082723,Kottayam,Rajasthan,India,2025-05-18
C00213,Rachit Dugar,Female,jagat36@example.com,1777392603,Warangal,Odisha,India,2024-04-04
C00214,Yauvani Baral,Other,dakshganesan@example.com,918699041379,Ongole,Goa,India,2025-03-12
C00215,Luke Gopal,Male,oliver57@example.net,1366210388,Jalgaon,Punjab,India,2024-01-28
C00216,Balvan Wali,Other,chandervasatika@example.net,919806865086,Ongole,Uttar Pradesh,India,2023-09-15
C00217,Guneet Sandal,Other,aachalsood@example.org,914986430098,Saharsa,Andhra Pradesh,India,2025-09-21
C00218,Diya Rege,Other,hredhaan26@example.net,4486959463,Suryapet,Uttar Pradesh,India,2024-07-17
C00219,Kamala Sule,Male,damyanti95@example.net,2137213865,Nanded,Madhya Pradesh,India,2025-02-02
C00220,Gavin Dhillon,Female,fsaran@example.org,3519066984,Akola,Rajasthan,India,2026-04-24
C00221,Saksham Vasa,Other,robert09@example.net,3920530214,Nagercoil,Sikkim,India,2024-11-24
C00222,Zarna Aurora,Female,chanabhavani@example.net,9554393769,Bhilwara,Goa,India,2024-08-08
C00223,Elijah Thakur,Male,harini18@example.com,9476973577,Ongole,Bihar,India,2024-08-21
C00224,Thomas Karpe,Female,nitara58@example.net,914341651827,Raichur,Gujarat,India,2024-03-10
C00225,Qadim Gupta,Female,piyengar@example.net,914333395211,Kumbakonam,Punjab,India,2026-02-06
C00226,Vasatika Prabhu,Male,waida94@example.com,918463920867,Ambala,Kerala,India,2023-06-09
C00227,Tanvi Dara,Female,smutti@example.org,913691559428,Patiala,Himachal Pradesh,India,2024-08-06
C00228,Jasmit Gour,Female,nsamra@example.com,5564729293,Gopalpur,Uttar Pradesh,India,2024-10-30
C00229,Lakshmi Hayre,Male,masonsolanki@example.org,916728857448,Sikar,Bihar,India,2024-02-15
C00230,Tanveer Kumar,Other,cchar@example.net,4558845061,Medininagar,Gujarat,India,2025-06-27
C00231,Bhavani Pant,Female,yashvi77@example.org,9472256996,Vijayawada,Goa,India,2025-02-23
C00232,Edhitha Manne,Female,megha47@example.com,9876220234,Bhagalpur,Goa,India,2024-06-12
C00233,Devansh Solanki,Female,balmekhala@example.net,911492164334,Cuttack,Chhattisgarh,India,2024-08-10
C00234,Ayush Banerjee,Female,eshana77@example.net,8728299796,Sri Ganganagar,Meghalaya,India,2024-12-30
C00235,Riya Morar,Female,nitara42@example.com,910825478077,Bangalore,Tripura,India,2025-01-13
C00236,Vihaan Amble,Other,ranbir68@example.com,3266341638,Anantapuram,Rajasthan,India,2024-09-15
C00237,Nitara Guha,Female,gopallaban@example.com,917974973502,Deoghar,Andhra Pradesh,India,2025-08-24
C00238,Baghyawati Luthra,Other,rakshaanand@example.org,912073564757,Bathinda,Assam,India,2023-12-22
C00239,Daksh Lata,Male,ibora@example.com,913460136730,Jaunpur,Telangana,India,2025-12-12
C00240,Urvashi Ramachandran,Female,ekantika20@example.net,8147435031,Raebareli,Karnataka,India,2025-09-24
C00241,Jagdish Randhawa,Female,,910097925132,Mysore,Sikkim,India,2023-06-18
C00242,Darpan Parekh,Female,,2812735857,Jaipur,Tamil Nadu,India,2025-04-10
C00243,Zashil Baral,Female,jsarma@example.com,7392855749,Coimbatore,Mizoram,India,2024-07-20
C00244,Adya Peri,Female,xacharya@example.net,6209593518,Jhansi,Mizoram,India,2023-11-18
C00245,Barkha Naidu,Male,hnagy@example.org,1022031731,Aurangabad,Rajasthan,India,2025-06-19
C00246,Aahana Bawa,Female,timothy91@example.org,917170586509,Dehri,Arunachal Pradesh,India,2025-12-04
C00247,Faras Kalita,Female,chaudhurivihaan@example.net,3383928861,Berhampore,Tamil Nadu,India,2025-08-14
C00248,Ojas Gole,Male,vthaman@example.net,918975585566,Narasaraopet,Haryana,India,2025-05-31
C00249,Keya Kumar,Female,sneha76@example.org,490824043,Satna,Andhra Pradesh,India,2025-02-08
C00250,Yasti Dubey,Other,baradtriveni@example.com,912459334419,Jehanabad,Gujarat,India,2025-09-24
C00251,Vasudha Ghose,Other,mchandran@example.net,961055661,Madanapalle,Andhra Pradesh,India,2025-08-14
C00252,Chatura Mody,Female,nagarmason@example.com,3206799813,Ramagundam,Uttar Pradesh,India,2025-04-26
C00253,Gayathri Butala,Other,jbawa@example.com,1686227837,Aurangabad,Gujarat,India,2024-08-07
C00254,Xavier Bora,Other,qushi59@example.org,916655355904,Etawah,Punjab,India,2025-02-06
C00255,Madhav Sastry,Male,kaurryan@example.net,2110392405,Farrukhabad,Manipur,India,2025-11-18
C00256,Shaurya Yogi,Male,samarvirk@example.com,7920698042,Anantapuram,Gujarat,India,2024-10-30
C00257,Chatresh Shroff,Male,bhavsarlipika@example.net,5104636815,Kavali,Nagaland,India,2025-10-13
C00258,Xiti Shankar,Male,baralyug@example.net,5762055543,Ghaziabad,Rajasthan,India,2023-09-06
C00259,Ayushman Mammen,Female,maxom@example.com,2168936392,Bijapur,Punjab,India,2024-03-10
C00260,Samuel Devi,Other,lakshitmore@example.net,8262925188,Udaipur,Karnataka,India,2024-05-27
C00261,Ayushman Nagar,Male,tsabharwal@example.com,4231220994,Kavali,Haryana,India,2025-12-08
C00262,Jagrati Buch,Other,gdesai@example.net,5267722330,Kanpur,Himachal Pradesh,India,2024-02-10
C00263,Samaksh Jayaraman,Male,goelreva@example.net,5736609656,Saharsa,Bihar,India,2026-04-08
C00264,Yatan Venkataraman,Other,jbaral@example.com,347644726,Pudukkottai,Arunachal Pradesh,India,2024-10-08
C00265,Ubika Seth,Male,tellaisaiah@example.org,8266570279,Malda,Assam,India,2025-06-27
C00266,Jatin Chand,Female,senguptajanani@example.org,6892686025,Ujjain,West Bengal,India,2024-03-02
C00267,Oni Morar,Female,sanaya42@example.org,913094077780,Patiala,Gujarat,India,2023-11-07
C00268,Sudiksha Rout,Female,mbuch@example.net,913849830220,Vadodara,Chhattisgarh,India,2025-03-08
C00269,Garima Chahal,Other,chopraomaja@example.org,914999827950,Dewas,Karnataka,India,2025-12-23
C00270,Ekansh Sane,Other,masterurishilla@example.org,914586833901,Karawal Nagar,Telangana,India,2024-07-09
C00271,Prisha Nadig,Female,,8995299787,Bokaro,Punjab,India,2025-06-25
C00272,Rishi Agarwal,Male,bajwaudyati@example.net,913966055830,Ichalkaranji,Himachal Pradesh,India,2024-02-12
C00273,Charita Toor,Other,abeer15@example.com,9902355770,Ongole,Chhattisgarh,India,2025-10-15
C00274,Turvi Sachdev,Other,vermachandani@example.net,5880395512,Ludhiana,Karnataka,India,2025-04-19
C00275,Lopa Grover,Male,morardivya@example.net,914617357438,Akola,Bihar,India,2026-05-15
C00276,Saksham Chanda,Female,btoor@example.com,2357845218,Tiruppur,Telangana,India,2024-07-16
C00277,Jack Agrawal,Other,chaitanya91@example.com,184094353,Baranagar,Himachal Pradesh,India,2023-07-12
C00278,Jacob Mahajan,Female,nakulmahal@example.org,919881385854,Anantapuram,Odisha,India,2025-01-05
C00279,Deepa Nigam,Other,ibedi@example.org,160166299,Tadepalligudem,Kerala,India,2024-02-25
C00280,Farhan Shroff,Female,giriksidhu@example.org,4773329456,Bathinda,Uttar Pradesh,India,2024-05-09
C00281,Sudiksha Sura,Female,bhattacharyyavaishnavi@example.org,7724599281,Aligarh,Karnataka,India,2025-12-31
C00282,Chasmum Walia,Female,lrattan@example.com,919382761539,Raebareli,Odisha,India,2025-01-31
C00283,Oscar Brahmbhatt,Male,lcontractor@example.net,5817246191,Khammam,Meghalaya,India,2025-10-11
C00284,Gautam Kalla,Other,aadidin@example.net,917846997335,Jehanabad,Uttar Pradesh,India,2025-05-08
C00285,Radhika Padmanabhan,Other,anandyashvi@example.com,914058008514,Noida,Maharashtra,India,2026-02-26
C00285,Radhika Padmanabhan,Other,anandyashvi@example.com,914058008514,Noida,Maharashtra,India,2026-02-26
C00286,Eesha Raja,Other,braj@example.net,912723865624,Guntur,Andhra Pradesh,India,2025-07-10
C00287,Maanas Sur,Other,fdeshpande@example.org,6796927868,Yamunanagar,Kerala,India,2023-08-19
C00288,Abhimanyu Tara,Female,yachanaluthra@example.com,9500975197,Ajmer,Telangana,India,2024-02-04
C00289,Udyati Varughese,Female,virkgaurang@example.org,1894905807,Anand,Meghalaya,India,2025-08-11
C00290,Oviya Pandit,Male,bimala20@example.net,4940792904,Baranagar,Meghalaya,India,2025-02-20
C00291,Arunima Krishnan,Male,avnimaharaj@example.com,911929275243,Bokaro,Uttar Pradesh,India,2023-08-31
C00292,Hemal Chad,Male,miteshtandon@example.com,3723950410,Madhyamgram,Madhya Pradesh,India,2024-12-31
C00293,Vivaan Raghavan,Male,qsom@example.org,6047658018,Bhiwani,Punjab,India,2024-11-04
C00294,Gautami Madan,Male,guneet49@example.com,3938525800,Ahmedabad,Maharashtra,India,2026-03-04
C00295,Sanaya Panchal,Other,bhanumatikrishnamurthy@example.org,910910939111,Gandhinagar,Sikkim,India,2023-09-17
C00296,Indrajit Gour,Female,chaitaly71@example.net,4654214066,Allahabad,Himachal Pradesh,India,2025-09-16
C00297,Pranav Sastry,Other,swamysai@example.net,2712863917,Kota,Arunachal Pradesh,India,2026-04-14
C00298,Sanaya Bahl,Other,pdixit@example.net,910642569087,Junagadh,Madhya Pradesh,India,2023-08-20
C00299,Upkaar Aggarwal,Male,hsubramaniam@example.net,5546015851,Ramagundam,Rajasthan,India,2025-12-13
C00300,Leena Halder,Female,madhavi15@example.com,917320309376,Panvel,Rajasthan,India,2024-01-10
C00301,Amol Bansal,Female,daksh50@example.com,913878293102,Surat,Meghalaya,India,2024-05-04
C00302,Xavier De,Female,gerachandresh@example.com,917929111799,Rajkot,Uttar Pradesh,India,2026-02-20
C00303,Neelima Nair,Other,devanekanta@example.org,919251142625,Bahraich,Haryana,India,2024-01-10
C00304,Kiaan Chaudhry,Other,bdugar@example.com,910021946723,Gopalpur,Mizoram,India,2026-03-12
C00305,Owen Barad,Other,xalakchakrabarti@example.net,5608331819,Panvel,Mizoram,India,2024-10-07
C00306,Aradhana Bera,Male,isaiahdixit@example.net,7220054364,Tadepalligudem,Uttar Pradesh,India,2024-01-28
C00307,Caleb Chawla,Female,yogipatrick@example.org,917811379956,Anantapur,Haryana,India,2026-02-01
C00308,Vedant Chaudhari,Male,nitaraiyengar@example.com,911797062397,Munger,Kerala,India,2025-10-02
C00309,Jagrati Madan,Female,gautamidatta@example.org,9042177625,Sagar,Punjab,India,2023-10-29
C00310,Victor Chadha,Other,fvig@example.org,7740633569,Gudivada,Chhattisgarh,India,2023-11-20
C00311,Omisha Basu,Male,singhalyamini@example.org,8671773180,Bellary,Chhattisgarh,India,2026-02-27
C00312,Gautam Babu,Female,kmody@example.net,9907726257,Madurai,Madhya Pradesh,India,2024-06-28
C00313,Bachittar Minhas,Female,smadan@example.net,9319508501,Ambarnath,Manipur,India,2026-02-05
C00314,Jeevika Gill,Male,jayaramanlakshit@example.com,918179335548,Bally,Arunachal Pradesh,India,2025-04-10
C00315,Sneha Sunder,Other,singhalbrinda@example.com,5137116241,Dehradun,Himachal Pradesh,India,2023-08-10
C00316,Watika Dora,Female,arinmemon@example.com,8275670431,Ahmednagar,Uttarakhand,India,2023-10-02
C00317,Nisha Oza,Other,vedika98@example.net,7492424375,Nashik,Chhattisgarh,India,2026-04-05
C00318,Ojas Dyal,Other,qabil22@example.org,911059274523,Ratlam,Kerala,India,2024-06-23
C00319,Nicholas Walla,Female,jairaj06@example.com,917520885474,Buxar,Telangana,India,2023-11-11
C00320,Hamsini Chowdhury,Female,ibaria@example.net,1406937515,Narasaraopet,Rajasthan,India,2026-02-19
C00321,Arunima Hayre,Male,chackosanaya@example.net,1863759980,Sikar,Chhattisgarh,India,2024-01-01
C00322,Kala Raju,Female,advik45@example.com,7813767426,Kolhapur,Uttarakhand,India,2025-07-25
C00323,Maanas Johal,Female,vaishnavi85@example.org,6106462879,Kollam,Goa,India,2025-03-06
C00324,Vritti Basak,Other,daksha78@example.net,3002447146,Pallavaram,Tamil Nadu,India,2025-11-30
C00325,Jagdish Malhotra,Other,mbhavsar@example.net,9796471589,Rampur,Goa,India,2025-05-08
C00326,Ekaja Shenoy,Female,ishanvigade@example.org,5650448183,Bareilly,Punjab,India,2025-02-28
C00327,Diya Mitra,Female,janani18@example.net,2028457652,Bellary,Chhattisgarh,India,2025-09-03
C00328,Ishaan Sahni,Female,hbose@example.org,917545279852,Bhopal,Telangana,India,2024-12-04
C00329,Kabir Dhar,Male,damyantidass@example.org,911611076031,Anand,Odisha,India,2025-11-10
C00330,Zehaan Bassi,Female,mitraadvaith@example.org,919393250124,Nagercoil,Goa,India,2023-08-05
C00331,Yashasvi Bir,Other,atwalteerth@example.net,914280138759,Gandhidham,Sikkim,India,2025-12-25
C00332,Isha Raghavan,Female,gkala@example.org,1517182754,Gwalior,Karnataka,India,2026-04-16
C00333,Bhanumati Shan,Female,sachi38@example.com,6317520716,Nagaon,Sikkim,India,2024-11-24
C00334,Luke Rana,Male,vchaudry@example.org,915353961367,Amaravati,Odisha,India,2025-06-12
C00335,Ishani Soni,Other,gsundaram@example.com,917114773201,Jabalpur,Meghalaya,India,2024-03-27
C00336,Lavanya Narain,Other,chavvichar@example.org,8773477848,Panvel,Nagaland,India,2025-06-14
C00337,Qushi Dani,Male,usengupta@example.com,7002842762,Pali,Meghalaya,India,2023-06-21
C00338,Upma Soni,Male,yashawinibhalla@example.com,7969545009,Warangal,Uttarakhand,India,2025-09-16
C00339,Harita Rai,Other,sanghahemani@example.com,5033349114,Naihati,Goa,India,2024-07-07
C00340,Baljiwan Sharma,Male,avarma@example.com,917905696591,Salem,Tamil Nadu,India,2023-06-23
C00341,Watika Thakkar,Female,ojas94@example.com,3718344049,Kamarhati,Punjab,India,2025-06-10
C00342,Girish Nayar,Other,,1987635148,Bhiwani,Sikkim,India,2025-08-24
C00343,Oeshi Ratti,Other,yutika78@example.org,918297374896,Nagaon,Gujarat,India,2025-01-13
C00344,Wridesh Dora,Female,radhika65@example.org,3644249363,Jalgaon,Gujarat,India,2024-07-05
C00345,Ucchal Sunder,Female,psami@example.org,912420448207,Pimpri-Chinchwad,West Bengal,India,2023-07-02
C00346,Chanchal Bhatt,Female,qpatla@example.net,916231981898,Mehsana,Assam,India,2026-02-08
C00347,Dhriti Narayan,Other,bkeer@example.org,911234764907,Gorakhpur,Karnataka,India,2024-02-17
C00348,Yatin Mall,Male,jananisoman@example.net,4090034864,Bhilai,Nagaland,India,2025-01-20
C00349,Lipika Anand,Female,tkumer@example.org,914327560417,Haridwar,Uttarakhand,India,2026-01-07
C00350,Harish Dyal,Female,yashawini15@example.com,8570027206,Farrukhabad,Karnataka,India,2024-05-31
C00351,Nakul Krish,Female,nirjanagarajan@example.com,2429543165,Singrauli,Madhya Pradesh,India,2025-02-22
C00352,Ansh Bajaj,Male,gauravshere@example.org,2069694215,Tezpur,Bihar,India,2026-04-02
C00353,Sudiksha Talwar,Female,kapursamar@example.org,4762639343,Bokaro,Maharashtra,India,2023-06-17
C00354,Bina Lala,Male,shravyakothari@example.com,7107256366,Srinagar,Bihar,India,2025-10-17
C00355,Gaurangi Keer,Female,mpandya@example.net,48964652,Amaravati,Goa,India,2025-02-01
C00356,Harinakshi Sidhu,Female,gauravnadig@example.net,6241502745,Ichalkaranji,Himachal Pradesh,India,2024-03-13
C00357,Zansi Munshi,Male,ugala@example.net,2870320320,Bhilwara,Goa,India,2025-04-03
C00358,Jack Talwar,Other,satheishanvi@example.net,7771215134,Gulbarga,Telangana,India,2025-07-14
C00359,Simon Agrawal,Other,omajabose@example.org,1504165915,Bhopal,Assam,India,2024-12-10
C00360,Sudiksha Luthra,Male,narayancaleb@example.net,7592304501,Tiruchirappalli,Madhya Pradesh,India,2024-10-18
C00361,Mohini Chakraborty,Female,joshinicholas@example.com,4214764925,Arrah,Mizoram,India,2024-03-07
C00362,Lipika Soni,Other,pallavi16@example.com,2661085732,Hajipur,Rajasthan,India,2024-01-07
C00363,Bina Sidhu,Female,zbuch@example.com,2243864908,Ranchi,Mizoram,India,2025-05-11
C00364,Nitara Chandra,Male,wkulkarni@example.com,1801722601,Bihar Sharif,Karnataka,India,2023-09-27
C00365,Shivani Lanka,Female,rachit32@example.org,9416800610,Morena,Manipur,India,2025-03-06
C00366,Chavvi Patel,Male,fmittal@example.org,910310303723,Siwan,Gujarat,India,2025-06-29
C00367,Manbir Som,Other,hbains@example.org,917770793349,Faridabad,Karnataka,India,2023-09-04
C00368,Ojasvi Tandon,Male,balhaar76@example.com,9973080695,Agartala,Rajasthan,India,2023-06-10
C00369,Jackson Talwar,Female,,5760243757,Guna,Haryana,India,2024-09-01
C00370,Upadhriti Deep,Other,madhavi65@example.com,919341722329,Salem,Uttar Pradesh,India,2025-03-07
C00371,Chavvi Keer,Other,champakbadami@example.com,5228015619,Jamshedpur,Nagaland,India,2024-08-30
C00372,Harini Pant,Other,lokematthew@example.net,9107711991,Guna,Bihar,India,2024-02-02
C00373,Samesh Pathak,Male,brindasathe@example.net,1255213760,Bhalswa Jahangir Pur,Karnataka,India,2023-12-02
C00374,Frederick Lata,Female,oeshi53@example.org,6326667850,Ulhasnagar,Tripura,India,2024-04-11
C00375,Frado Nigam,Female,neelima26@example.org,290846684,Hapur,Andhra Pradesh,India,2023-06-12
C00376,Netra Sehgal,Female,,3899756341,Siwan,Karnataka,India,2025-11-24
C00377,Zinal Zachariah,Female,tanay18@example.net,8520089434,Dibrugarh,Bihar,India,2024-08-02
C00378,Aashi Tripathi,Other,jatin01@example.com,9075399893,Dewas,Jharkhand,India,2025-08-12
C00379,Krishna Venkatesh,Male,henrynarang@example.net,3571266110,Bikaner,Meghalaya,India,2025-06-01
C00380,Kala Vora,Male,xvenkataraman@example.com,9767762282,Berhampore,Chhattisgarh,India,2024-01-23
C00381,Simon Shah,Male,vbali@example.org,5196115940,Kochi,Kerala,India,2026-04-27
C00382,Chavvi Menon,Other,ybala@example.org,919604432701,Jabalpur,West Bengal,India,2024-05-01
C00383,Dayita Sethi,Female,krishna79@example.org,918777251996,Muzaffarpur,Madhya Pradesh,India,2023-07-20
C00384,Saanvi Mall,Other,gandhiaryan@example.net,4818139890,Fatehpur,Mizoram,India,2024-06-07
C00385,Pranit Bahl,Other,samesh39@example.com,918956907056,Vijayanagaram,Andhra Pradesh,India,2026-02-08
C00386,Lavanya Kurian,Male,contractorhardik@example.net,914224124620,Bokaro,Andhra Pradesh,India,2025-12-30
C00387,Madhavi Chaudhary,Other,lucky65@example.com,1033993788,Raipur,Himachal Pradesh,India,2025-07-22
C00388,Niharika Bhatti,Male,,630489138,Avadi,Odisha,India,2023-08-07
C00389,Xiti Jani,Male,kashvizachariah@example.org,918687007942,Allahabad,Meghalaya,India,2024-08-20
C00390,Lajita Panchal,Male,yashvimanda@example.org,918914161284,Bhagalpur,Punjab,India,2024-03-27
C00391,Hema Lal,Male,,7435537950,Delhi,Punjab,India,2024-12-06
C00392,Oscar Sachdev,Female,iramaswamy@example.org,1807156956,Bangalore,Bihar,India,2024-11-05
C00393,Sai Andra,Other,anmolmand@example.net,5319433750,Kumbakonam,Tamil Nadu,India,2024-10-21
C00394,Abhimanyu Hayre,Female,rchoudhry@example.net,7283999219,Amritsar,Chhattisgarh,India,2025-07-15
C00395,Anusha Handa,Male,waliazayyan@example.net,7060566418,Shimla,Kerala,India,2024-03-12
C00396,Udarsh Batta,Other,osha87@example.com,916351903613,Dehradun,Karnataka,India,2024-12-19
C00397,Ayaan Srinivasan,Other,,954317350,Saharsa,Uttar Pradesh,India,2024-05-07
C00398,Reva Chandran,Male,fdash@example.org,916512070496,Kota,Sikkim,India,2024-02-16
C00399,Chaitaly Raj,Female,nchar@example.com,919907676991,Indore,Manipur,India,2023-08-02
C00400,Hritik Chauhan,Other,birrishi@example.net,918456797232,Allahabad,Chhattisgarh,India,2024-12-19
C00401,Yochana Parmar,Male,madhav27@example.com,5450892038,Bhusawal,Kerala,India,2024-05-08
C00402,Saksham Biswas,Male,ranbir77@example.net,5995946521,Kalyan-Dombivli,Meghalaya,India,2024-01-02
C00403,Udant Karpe,Other,pkala@example.com,5636205015,Miryalaguda,Bihar,India,2024-01-28
C00404,Robert Parsa,Other,balanrushil@example.org,2342583230,Firozabad,Bihar,India,2023-11-05
C00405,Ladli Choudhry,Other,shivansh47@example.org,5289611223,Katihar,Madhya Pradesh,India,2023-06-25
C00406,Pushti Konda,Male,gulatichaitaly@example.org,3042897317,Rourkela,Mizoram,India,2025-07-02
C00407,Wishi Venkataraman,Other,ugola@example.net,8777496903,Panihati,Manipur,India,2024-07-31
C00408,Tejas Mohan,Female,kpurohit@example.org,4812147853,Kirari Suleman Nagar,Mizoram,India,2026-01-03
C00409,Shravya Sibal,Female,xrege@example.com,4602734151,Orai,Mizoram,India,2025-04-12
C00410,Aradhana Kari,Female,daniekbal@example.com,918353544439,Tinsukia,Himachal Pradesh,India,2025-01-21
C00411,Baghyawati Pal,Female,lravi@example.net,917826333738,Surendranagar Dudhrej,Karnataka,India,2023-06-11
C00412,Raghav Sanghvi,Female,ckadakia@example.com,529240755,Gurgaon,Maharashtra,India,2025-10-16
C00413,Chandani Nanda,Male,balayliam@example.org,9999663618,Maheshtala,Meghalaya,India,2025-06-22
C00414,Daksha Chander,Female,hemanggoel@example.org,9702316433,Loni,Assam,India,2023-09-29
C00415,Zarna Apte,Other,etaroy@example.com,911286716323,Bhiwani,Uttarakhand,India,2024-10-12
C00416,Nathan Mukherjee,Other,yadavishanker@example.com,910271693859,Jaunpur,Manipur,India,2025-07-18
C00417,Bhavna Shan,Other,chameli69@example.org,3296762916,Mathura,West Bengal,India,2025-02-22
C00418,Ekalinga Kalla,Other,wsabharwal@example.net,915118567243,Surendranagar Dudhrej,Andhra Pradesh,India,2023-11-22
C00419,Lakshmi Oza,Female,zhayer@example.org,914125777118,Bahraich,Chhattisgarh,India,2023-08-21
C00420,Neel Garde,Male,chaudhrypeter@example.com,918621042752,Visakhapatnam,Sikkim,India,2024-10-29
C00421,Champak Virk,Male,ramakrishnandarika@example.com,919006335331,Bidar,Andhra Pradesh,India,2025-01-05
C00422,Rehaan Bhatnagar,Male,gopalganesh@example.net,910681558393,Haldia,Bihar,India,2026-05-21
C00423,Ishanvi Naik,Female,alexanderratti@example.net,637314950,Bellary,Maharashtra,India,2024-02-11
C00424,Harsh Yadav,Other,zayanchandran@example.net,6252571509,Eluru,Mizoram,India,2024-04-27
C00425,Yahvi Arya,Male,anshdash@example.com,916391025743,Gandhinagar,Gujarat,India,2025-05-04
C00426,Sachi Narasimhan,Other,arunimanadkarni@example.net,918640355338,Kulti,Uttar Pradesh,India,2025-05-05
C00427,Lakshmi Verma,Other,qadim70@example.org,1302321298,Noida,Mizoram,India,2025-06-24
C00428,Deepa Gala,Female,yashsamra@example.org,3449734715,Burhanpur,Goa,India,2023-08-26
C00429,Yashasvi Sant,Other,,917066149828,Bardhaman,Madhya Pradesh,India,2024-10-29
C00430,Bhanumati Prashad,Other,vbora@example.org,7323008576,Tenali,Telangana,India,2024-10-22
C00431,Darika Bobal,Other,hbarad@example.com,2364587506,Shahjahanpur,Haryana,India,2024-07-14
C00432,Ayaan Divan,Female,tamanna24@example.org,9201166918,Bhusawal,Goa,India,2024-11-06
C00433,Chasmum Tella,Other,umorar@example.com,1195243640,Pallavaram,Andhra Pradesh,India,2025-11-27
C00434,Omaja Mani,Other,lgarde@example.com,912372817932,Allahabad,Telangana,India,2023-09-16
C00435,Aashi Rege,Male,ochopra@example.org,914161415093,Shivpuri,Sikkim,India,2023-12-19
C00436,Darsh Lata,Male,barmangunbir@example.org,698477596,Uluberia,Sikkim,India,2025-09-12
C00437,Wriddhish Patel,Female,nradhakrishnan@example.org,5107620918,Kulti,Kerala,India,2026-02-01
C00438,Yutika Sachdev,Male,aarushnagy@example.org,5057397691,Haldia,Meghalaya,India,2024-10-09
C00439,Lekha Memon,Female,lukevenkatesh@example.net,8027148727,Ongole,Sikkim,India,2026-05-18
C00440,Siddharth Garde,Other,cherianradhika@example.net,912564347128,Mysore,Uttar Pradesh,India,2025-01-14
C00441,Dhruv Oza,Male,praj@example.net,6334141115,Bhiwandi,Odisha,India,2025-06-29
C00442,Lajita Agarwal,Male,david98@example.org,6552899316,Siwan,West Bengal,India,2024-07-09
C00443,Chaman Kanda,Male,,7294209548,Panipat,West Bengal,India,2024-10-18
C00444,Tanveer Talwar,Female,krisha05@example.org,3302764208,Naihati,Maharashtra,India,2025-07-15
C00445,Mahika Raman,Other,wablebarkha@example.com,3861259047,Gangtok,Chhattisgarh,India,2025-06-13
C00445,Mahika Raman,Other,wablebarkha@example.com,3861259047,Gangtok,Chhattisgarh,India,2025-06-13
C00446,Bishakha Dhillon,Other,tejashayre@example.net,591266201,Bhalswa Jahangir Pur,Goa,India,2024-09-28
C00447,Yutika Nigam,Other,odixit@example.net,3013674926,Madhyamgram,West Bengal,India,2026-04-02
C00448,Anvi Saxena,Other,advay11@example.org,917830999741,Yamunanagar,Meghalaya,India,2025-11-14
C00449,Chanchal Dass,Male,,915182606888,Rajkot,Mizoram,India,2026-06-01
C00450,Sarthak Dalal,Other,pranitahluwalia@example.net,5102932184,Guwahati,Bihar,India,2025-12-05
C00451,Onveer Sampath,Female,kotharicharita@example.org,4872975859,Navi Mumbai,Sikkim,India,2024-12-07
C00452,Balhaar Guha,Female,chandanikale@example.org,8395429618,Bhilwara,Madhya Pradesh,India,2025-11-16
C00453,Mugdha Shan,Female,kumarpavani@example.net,918314359892,Jamnagar,Karnataka,India,2025-05-14
C00454,Ladli Bal,Male,farasmadan@example.org,1861515542,Panipat,Andhra Pradesh,India,2026-05-24
C00455,Kritika Cheema,Female,gilldamini@example.net,1859484910,Ratlam,Tripura,India,2023-09-17
C00456,Neha Sood,Female,aashiandra@example.net,2226940539,Berhampore,Goa,India,2024-08-01
C00457,Upadhriti Thakkar,Male,anya68@example.net,914146511131,Ramgarh,Arunachal Pradesh,India,2024-09-25
C00458,Waida Anne,Other,utrivedi@example.org,7881609306,Sambalpur,Telangana,India,2023-09-02
C00459,Saumya Ganguly,Male,parthborde@example.com,918506762515,Panvel,West Bengal,India,2025-05-26
C00460,Bina Mistry,Other,qmemon@example.org,919634807970,Chennai,Punjab,India,2025-09-18
C00461,Irya Chhabra,Male,pallaquincy@example.com,167318826,Morbi,Andhra Pradesh,India,2024-10-18
C00462,Upkaar Singhal,Male,tprasad@example.com,2841772256,Secunderabad,West Bengal,India,2023-11-19
C00463,Ranveer Mane,Other,deolmegha@example.com,5023741678,Warangal,Karnataka,India,2025-07-18
C00464,Yachana Ramachandran,Other,imaranchokshi@example.org,912580305690,Nangloi Jat,Jharkhand,India,2025-09-02
C00465,Pushti Kota,Other,yastigrover@example.org,1436371892,Gudivada,Rajasthan,India,2024-04-06
C00466,Jai Deo,Other,rbarad@example.org,916093106684,Korba,Karnataka,India,2025-04-27
C00467,Yashvi Sane,Female,modiimaran@example.com,4563502000,Rajpur Sonarpur,Jharkhand,India,2024-09-10
C00468,Raagini Goyal,Male,vyanjana55@example.com,911082555989,Patiala,Rajasthan,India,2024-10-31
C00469,Gagan Cherian,Other,jaibarman@example.net,3371189547,Deoghar,Telangana,India,2024-03-30
C00470,Rehaan Sahota,Male,idika57@example.net,1617688029,Bikaner,Jharkhand,India,2023-11-17
C00471,Ranveer Rao,Female,gwalia@example.org,917868669432,Kozhikode,Odisha,India,2023-07-21
C00472,Yochana Shah,Female,chavvi34@example.net,8123083402,Guntur,Himachal Pradesh,India,2024-01-26
C00473,Yuvraj Kade,Male,agarwalidika@example.net,5518426945,Hyderabad,Uttarakhand,India,2026-01-14
C00474,Patrick Kunda,Female,yogihitesh@example.net,6498373543,Bhatpara,Manipur,India,2024-06-25
C00475,Jyoti Divan,Other,fchander@example.org,2239724042,Singrauli,Sikkim,India,2024-02-10
C00476,Luke Bora,Other,dkorpal@example.net,1820916601,Varanasi,Chhattisgarh,India,2025-03-29
C00477,Amrita Dhar,Female,andrahitesh@example.net,5132797245,Bhatpara,Haryana,India,2024-02-29
C00478,Jatin Bail,Female,chauhanchaman@example.org,6203036625,Kamarhati,Sikkim,India,2023-08-02
C00479,Vyanjana Gara,Female,kapurharsh@example.com,1951510922,Bettiah,Karnataka,India,2024-07-27
C00480,Mason Mitra,Other,ijaya14@example.com,5410225267,Jabalpur,Bihar,India,2025-03-20
C00481,Maanav Chana,Female,joshua26@example.com,7676952366,Siwan,Nagaland,India,2025-02-24
C00482,Leena Chacko,Other,kvyas@example.net,3135030587,Bhubaneswar,Arunachal Pradesh,India,2024-11-22
C00483,Liam Menon,Female,jdhawan@example.com,913302126065,Aligarh,Sikkim,India,2026-02-24
C00484,Nakul Balan,Other,jasmitdhaliwal@example.org,911096227284,Bulandshahr,Telangana,India,2025-02-28
C00485,Bhavini Choudhry,Other,darpanbalay@example.net,918206678498,Ambattur,Maharashtra,India,2024-06-05
C00486,George Vig,Other,vdass@example.org,9036289177,Machilipatnam,Uttarakhand,India,2026-03-18
C00487,Kamya Samra,Other,anamikachopra@example.org,915950342811,Kavali,Andhra Pradesh,India,2024-07-22
C00488,Raghav Jaggi,Other,khoslaamruta@example.org,9097005140,Ichalkaranji,Madhya Pradesh,India,2025-09-08
C00489,Mahika Parekh,Other,gunbirnarula@example.com,8182096790,Nanded,Chhattisgarh,India,2024-12-01
C00490,Girik Kata,Female,lohitdyal@example.net,9857254596,Munger,Haryana,India,2025-06-18
C00491,Michael Tank,Female,auroraluke@example.com,1717524214,Nagercoil,Assam,India,2024-01-16
C00492,Aarna Solanki,Male,riya21@example.net,546692758,Dindigul,Assam,India,2023-08-18
C00493,Adya Basak,Female,kondaabhiram@example.org,914629613671,Kirari Suleman Nagar,Manipur,India,2025-06-18
C00494,Ikbal Chada,Other,hritikranganathan@example.com,916515597371,Malda,Arunachal Pradesh,India,2025-05-06
C00495,Madhav Kala,Male,azad96@example.org,6730306442,Ajmer,Assam,India,2025-01-19
C00496,Chanchal Seth,Female,nvohra@example.net,2016542356,Fatehpur,Nagaland,India,2024-03-28
C00497,Rajeshri Pant,Male,,9608931992,Ratlam,Andhra Pradesh,India,2025-06-25
C00498,Manbir Tata,Male,ishaan64@example.net,727910336,Ghaziabad,Madhya Pradesh,India,2023-11-13
C00499,Rayaan Atwal,Male,januja04@example.com,1776655868,Raipur,Goa,India,2024-01-24
C00500,Peter Gaba,Other,sraj@example.net,6491111096,Mehsana,Telangana,India,2024-10-16
C00501,Sachi Thakur,Other,mannosha@example.org,917861371576,Chennai,Kerala,India,2025-09-02
C00502,Amrita Lalla,Other,,6306000258,Thanjavur,Goa,India,2025-10-06
C00503,Wyatt Raman,Male,mayabehl@example.net,2626582631,Dibrugarh,Bihar,India,2026-04-18
C00504,Abha Dutt,Other,samar11@example.org,920981960,Malda,Rajasthan,India,2025-04-24
C00505,Rachit Khatri,Female,chamelihari@example.net,916404120911,Kavali,Bihar,India,2025-04-24
C00506,Adweta Gole,Other,,911753617061,Solapur,Gujarat,India,2023-09-27
C00507,Dipta Seshadri,Female,pranitmisra@example.org,919901557998,Kozhikode,Mizoram,India,2025-06-24
C00508,Reyansh Balan,Male,vasayauvani@example.org,915130523124,Ongole,Gujarat,India,2025-08-22
C00509,Chaitaly Sibal,Female,gsarin@example.com,914234619942,Morbi,Maharashtra,India,2026-04-11
C00510,Anita Nagar,Other,rajagopalpushti@example.org,5517208496,Mahbubnagar,Uttarakhand,India,2026-01-24
C00511,Mitali Balan,Female,goleekantika@example.com,915313552510,Hyderabad,Tamil Nadu,India,2026-01-18
C00512,Ekanta Kaul,Other,rajanbhanumati@example.net,918318491966,Imphal,Gujarat,India,2024-05-27
C00513,Wishi Batra,Male,oviya11@example.com,919596390409,Surendranagar Dudhrej,Jharkhand,India,2024-01-04
C00514,Balhaar Walla,Female,nazarethamol@example.org,1644556185,Pudukkottai,Arunachal Pradesh,India,2023-10-23
C00515,Wakeeta Dara,Female,harshil03@example.org,912156321358,Faridabad,Himachal Pradesh,India,2024-08-06
C00516,Indrajit Bava,Other,falan45@example.net,6422971252,Amroha,Sikkim,India,2026-01-25
C00517,Vanya Suri,Male,ekanta73@example.org,4158331170,Ahmedabad,Sikkim,India,2023-10-14
C00518,Raghav Sura,Male,oaksathvik@example.net,8547281235,Bidhannagar,West Bengal,India,2024-01-24
C00519,Mugdha Guha,Male,mallpallavi@example.org,4912711307,Shimoga,Andhra Pradesh,India,2025-04-12
C00520,Indira Lanka,Male,chadirya@example.com,912686850745,Dhanbad,Rajasthan,India,2024-11-04
C00521,Rishi Menon,Female,nehagoda@example.net,8978610313,Meerut,Arunachal Pradesh,India,2024-07-25
C00522,Dominic Wali,Female,majumdarupkaar@example.net,6661347323,Tumkur,Tamil Nadu,India,2025-02-21
C00523,Girindra Goyal,Male,smody@example.org,915122572076,Jaipur,Goa,India,2025-03-16
C00524,Onkar Andra,Male,urvi90@example.com,917100943882,Bareilly,Bihar,India,2026-05-04
C00525,Sneha Swaminathan,Female,aarini74@example.com,545897148,Siliguri,Maharashtra,India,2024-04-30
C00526,Ishanvi Tank,Other,kondaraagini@example.com,911361487824,Bathinda,Madhya Pradesh,India,2025-12-26
C00527,Dayamai Halder,Male,venkateshhemal@example.net,916795410727,Nagaon,Jharkhand,India,2025-03-08
C00528,Chavvi Sur,Male,,1407034910,Farrukhabad,Andhra Pradesh,India,2025-04-15
C00529,Chandresh Krishnamurthy,Other,inayamander@example.net,8214236914,Patna,Meghalaya,India,2024-09-15
C00530,Libni Sami,Male,qchaudhari@example.com,4296592342,Begusarai,Gujarat,India,2026-03-20
C00531,Chameli Shenoy,Female,keyasarkar@example.org,918758575676,Surendranagar Dudhrej,Andhra Pradesh,India,2024-04-26
C00532,Oviya Chakrabarti,Male,chasmumkibe@example.net,5298940626,Surendranagar Dudhrej,Uttar Pradesh,India,2026-02-26
C00533,Chatura Chad,Other,madanhredhaan@example.com,1497501980,Hazaribagh,Chhattisgarh,India,2025-09-15
C00534,Laban Kapoor,Other,charvimukhopadhyay@example.net,917931102918,Shahjahanpur,Gujarat,India,2025-02-07
C00535,Yashasvi Sawhney,Female,hbhakta@example.com,7238497916,Lucknow,Goa,India,2023-09-23
C00536,Onkar Vaidya,Other,,8377441975,Katni,Madhya Pradesh,India,2023-11-04
C00537,Ucchal Saha,Male,bdivan@example.com,1960940970,Kolhapur,Manipur,India,2025-07-05
C00538,Aradhana Andra,Other,ishitatella@example.net,915868122595,Kolhapur,Himachal Pradesh,India,2026-01-24
C00539,Meera Bir,Other,epuri@example.net,2988425995,Jabalpur,Arunachal Pradesh,India,2025-10-09
C00540,Vincent Char,Female,tatavamakshi@example.com,913126610941,Srinagar,Manipur,India,2023-07-04
C00541,Owen Nagi,Female,,917629833477,Kamarhati,Gujarat,India,2025-09-15
C00542,Rehaan Chadha,Male,charsamar@example.org,910569815287,Dhule,Odisha,India,2025-08-23
C00543,Ishanvi Devi,Other,sarnaprisha@example.net,1912841173,Ghaziabad,Nagaland,India,2025-11-25
C00544,Bimala Krishnamurthy,Female,eparmar@example.org,1893898469,Bongaigaon,Tamil Nadu,India,2024-05-29
C00545,Adya Balan,Female,nigamoviya@example.com,915023850371,Sri Ganganagar,Assam,India,2026-02-03
C00546,Varenya Dayal,Other,benjamin10@example.com,3567430003,Surat,Nagaland,India,2026-04-08
C00547,Krishna Dass,Other,jsane@example.org,917195535603,Tiruchirappalli,Odisha,India,2024-11-11
C00548,Chakradev Aurora,Other,daksheshbose@example.org,917240559342,Nangloi Jat,Sikkim,India,2023-06-13
C00549,Faraj Krishna,Female,wardaparikh@example.org,4584384588,Meerut,Kerala,India,2023-10-14
C00550,Ati Brar,Male,lakshverma@example.org,8315203771,Panchkula,Uttarakhand,India,2026-02-12
C00551,Leena Mital,Female,bhasinarya@example.net,7066703362,Katihar,Arunachal Pradesh,India,2023-07-08
C00552,Ijaya Bal,Female,adweta93@example.org,9660186487,Chapra,Telangana,India,2025-05-25
C00553,Nicholas Raj,Female,,3204413845,Agra,Punjab,India,2025-02-13
C00554,Zashil Arora,Other,mohantyekani@example.com,917707070578,Alappuzha,Arunachal Pradesh,India,2024-03-28
C00555,Aradhana Murthy,Female,sastrypranit@example.com,4723229031,Udaipur,Sikkim,India,2025-02-26
C00556,Edhitha Barman,Female,darshlad@example.com,915809351187,Sasaram,Assam,India,2024-12-08
C00557,Kamya Sagar,Male,sandhubarkha@example.org,915955657490,Arrah,Arunachal Pradesh,India,2024-02-16
C00558,Atharv Cherian,Other,dhritivaidya@example.net,8953690261,Rajahmundry,Odisha,India,2024-04-15
C00559,Jairaj Wable,Female,sodhizinal@example.com,4394353537,Bhiwandi,Tamil Nadu,India,2024-12-04
C00560,Janaki Buch,Male,yashasvi15@example.net,9376392836,Medininagar,Himachal Pradesh,India,2024-02-21
C00561,Dipta Dalal,Male,regeoviya@example.net,919732702164,Salem,Chhattisgarh,India,2025-10-21
C00562,Arjun Ganesan,Female,deoyutika@example.net,6526834155,Ranchi,Assam,India,2026-01-09
C00563,Saumya Rege,Other,ssarin@example.com,2298120995,Nadiad,Karnataka,India,2025-08-19
C00564,Gunbir Kata,Other,wakeeta50@example.net,8986456522,Bhagalpur,Maharashtra,India,2024-09-24
C00565,Hardik Palan,Female,noah14@example.com,7324491342,Tiruppur,Nagaland,India,2024-12-21
C00566,Ayaan Baral,Male,abeersuresh@example.org,3496782741,Raiganj,Maharashtra,India,2025-12-07
C00567,Laksh Mallick,Female,pandyafarhan@example.net,911528547815,Bhiwani,Bihar,India,2024-11-23
C00568,Ranveer Banik,Male,korpallaksh@example.net,3347272742,HubliDharwad,Mizoram,India,2026-03-19
C00569,Aarush Saraf,Other,swaminathansathvik@example.net,910649693578,Dewas,Uttarakhand,India,2025-12-27
C00570,Vedhika Suri,Male,iparikh@example.com,1314675361,Madhyamgram,Karnataka,India,2024-02-11
C00571,Mitali Dave,Female,msuresh@example.com,3044836085,Ratlam,Maharashtra,India,2025-05-26
C00572,Pavani Rastogi,Male,chatura47@example.net,915047639283,Srikakulam,Punjab,India,2024-08-03
C00573,Ansh Raghavan,Female,nathira@example.net,910835832863,Nanded,Kerala,India,2024-05-28
C00574,Yuvraj Arya,Other,bahriharsh@example.net,7024403304,Burhanpur,Rajasthan,India,2024-05-30
C00575,Frado Bose,Female,thamanojasvi@example.org,918921963945,Anand,Telangana,India,2024-08-14
C00576,Tara Jain,Male,lallaurishilla@example.com,6136847488,Eluru,Andhra Pradesh,India,2023-06-27
C00577,Kashish Chokshi,Other,,3906375791,Thoothukudi,Chhattisgarh,India,2026-05-25
C00578,Girish Gara,Female,vrishtikrish@example.org,916978930746,Naihati,Uttarakhand,India,2025-11-05
C00579,Niharika Ahluwalia,Male,shaurya87@example.net,5357788116,Gandhinagar,Chhattisgarh,India,2023-11-14
C00580,Zinal Dara,Female,rudrasarma@example.org,916728728660,Kochi,Maharashtra,India,2025-09-08
C00581,Ekantika Prabhu,Male,lohitmannan@example.net,3958947735,Dehradun,Mizoram,India,2026-05-28
C00582,Advaith Nadkarni,Female,jgola@example.com,910433187510,Hindupur,Goa,India,2025-07-24
C00583,Hemani Atwal,Female,anvimane@example.com,4596488319,Kota,Telangana,India,2023-08-14
C00584,Adya Chaudry,Other,leelanarayanan@example.net,9497320331,Asansol,Goa,India,2024-01-25
C00585,Ekiya Brahmbhatt,Male,devanyasti@example.com,7548138666,Raichur,Jharkhand,India,2024-11-04
C00586,Farhan Kala,Other,arunimadhar@example.com,7741865205,Sri Ganganagar,Telangana,India,2025-12-07
C00587,Lavanya Prasad,Male,advaithhayre@example.com,8309451548,Medininagar,Himachal Pradesh,India,2024-09-08
C00588,Varenya Rao,Male,kulkarnianusha@example.net,919079772781,Uluberia,Andhra Pradesh,India,2023-07-08
C00589,Peter Deep,Female,sainijagdish@example.org,518439055,Dharmavaram,Telangana,India,2025-04-03
C00590,Neha Saha,Other,bhattacharyyareyansh@example.net,914127049386,Delhi,Jharkhand,India,2026-04-01
C00591,Jacob Om,Male,kchadha@example.com,911121259020,Dindigul,Manipur,India,2024-03-28
C00592,Darika Halder,Other,dayitabera@example.com,4242956334,Belgaum,Jharkhand,India,2023-08-30
C00593,Aishani Chanda,Female,lpant@example.com,8720962893,Sri Ganganagar,Rajasthan,India,2024-03-12
C00594,Sarthak Oommen,Female,gautam83@example.com,917401827279,Serampore,Odisha,India,2025-11-06
C00595,Ekantika Cheema,Other,abhiram26@example.com,5125427820,Tadepalligudem,Manipur,India,2024-07-20
C00596,Mohini Solanki,Other,zayyanprakash@example.net,7640381664,Guntakal,Andhra Pradesh,India,2025-03-13
C00597,Charita Viswanathan,Male,liamde@example.net,142576270,Kollam,Goa,India,2023-11-28
C00598,Qasim Keer,Male,rajeshrichana@example.net,912850725178,Rajpur Sonarpur,Meghalaya,India,2024-04-27
C00599,Xavier Char,Female,udave@example.org,5469681579,Korba,Punjab,India,2025-06-03
C00600,Jyoti Pathak,Other,yachana09@example.net,1327303461,Yamunanagar,Rajasthan,India,2023-12-14
C00601,Bhavani Mukhopadhyay,Other,csrivastava@example.com,2268171516,Nanded,Karnataka,India,2023-12-16
C00602,Suhani Apte,Female,bratti@example.org,6419785758,Gorakhpur,Uttar Pradesh,India,2023-10-21
C00603,Leela Buch,Female,abhimanyunazareth@example.net,4389760740,Unnao,Manipur,India,2023-12-15
C00604,Zayyan Sandal,Other,chaman08@example.com,914560754091,Vadodara,Nagaland,India,2024-07-08
C00605,Parth Chad,Other,datemaanav@example.net,6457938970,Khammam,Kerala,India,2025-08-19
C00606,Lavanya Vala,Other,nazarethchasmum@example.com,241613944,Dhanbad,Kerala,India,2023-07-13
C00607,Rajeshri Maharaj,Female,aradhanathaker@example.net,919624406306,Panipat,Himachal Pradesh,India,2025-02-19
C00608,Gunbir Kant,Male,andrewnair@example.org,919497969586,Proddatur,Andhra Pradesh,India,2024-10-20
C00609,Hiral Saxena,Other,turvitara@example.org,2646091785,Dhule,Telangana,India,2024-06-11
C00610,Daksha Manne,Other,siya70@example.org,9295966048,Noida,Madhya Pradesh,India,2026-05-16
C00611,Kritika Dasgupta,Female,randhawatejas@example.org,919422686536,Imphal,Tripura,India,2026-03-07
C00612,Eesha Thakkar,Other,zkar@example.com,4722640857,Navi Mumbai,Madhya Pradesh,India,2024-07-04
C00613,Omya Roy,Other,ayushkapur@example.org,9819960593,Jehanabad,Rajasthan,India,2025-02-26
C00614,Kamala Bajaj,Other,mvaidya@example.org,5327352410,Gangtok,Manipur,India,2024-10-31
C00615,Wyatt Goel,Female,ptella@example.org,5237100687,Madurai,Uttar Pradesh,India,2024-10-17
C00616,Jai Walla,Male,sarnavasana@example.net,914605687611,Firozabad,Tripura,India,2024-09-01
C00617,Omkaar Peri,Other,jnori@example.org,3415177345,Raiganj,Karnataka,India,2025-11-22
C00618,Anvi Banik,Female,manbirvig@example.com,913595442947,Durg,Chhattisgarh,India,2025-10-11
C00619,Manan Master,Other,okurian@example.org,913942904588,Morena,Punjab,India,2025-08-25
C00620,Nachiket Thaker,Male,kavya67@example.net,918727601534,Rajahmundry,Chhattisgarh,India,2026-02-12
C00621,Ronith Parikh,Male,ksharaf@example.net,918335061581,Begusarai,Nagaland,India,2024-04-02
C00622,Daksh Sekhon,Other,yashkunda@example.net,913372094841,Rajkot,Chhattisgarh,India,2025-12-15
C00623,Sarthak Kari,Male,vanshashetty@example.org,513717173,Hosur,Odisha,India,2024-12-25
C00624,Charita Andra,Other,uchoudhury@example.com,3997046947,Ozhukarai,Mizoram,India,2024-01-23
C00625,Chandani Lalla,Female,haritamaharaj@example.net,8471270587,Ujjain,Goa,India,2024-11-12
C00626,Daksha Chandra,Female,ooommen@example.net,2313348458,Kota,Sikkim,India,2023-08-12
C00627,Mohammed Naik,Female,rehaanrandhawa@example.org,919258796434,Avadi,Kerala,India,2024-04-25
C00628,Irya Murty,Male,bmorar@example.net,6060652740,Dhule,Sikkim,India,2023-11-07
C00629,Kashvi Bajwa,Female,prisha65@example.net,3398741132,Nangloi Jat,Telangana,India,2025-07-26
C00630,Madhavi Sur,Other,atiprashad@example.org,910548574172,Anantapur,Tripura,India,2025-03-12
C00631,Matthew Mistry,Male,gaurangsarma@example.org,9848840215,Amroha,Telangana,India,2025-08-12
C00632,Ekani Sidhu,Female,trivenipathak@example.com,914490216667,Dehri,Arunachal Pradesh,India,2026-01-26
C00633,Amol Sarkar,Female,thamaneta@example.net,4951191818,Anand,West Bengal,India,2026-02-26
C00634,Rayaan Bora,Other,,6477251295,Dehri,Tripura,India,2025-12-21
C00635,Ansh Ratti,Male,abeer96@example.org,913562439587,Ramgarh,Kerala,India,2025-06-30
C00636,Ranbir Divan,Other,darikagolla@example.org,918902851553,Panihati,Jharkhand,India,2026-02-04
C00637,Viraj Kalla,Other,avi27@example.org,736077633,Gudivada,Uttarakhand,India,2023-11-27
C00638,Yashawini Varty,Male,gabashaurya@example.org,9556331857,Danapur,Bihar,India,2023-10-16
C00639,Abhimanyu Rai,Female,gratta@example.com,4164316704,Ranchi,Chhattisgarh,India,2026-04-02
C00640,Aditya Dave,Male,logansinghal@example.org,919345962622,Bokaro,Kerala,India,2025-12-16
C00641,Nicholas Balan,Other,tjani@example.com,5495005070,Vellore,Arunachal Pradesh,India,2026-01-20
C00642,Nakul Chaudhry,Other,,915316117768,Guntur,West Bengal,India,2025-01-13
C00643,Deepa Soni,Female,ikurian@example.com,8591779323,Asansol,Haryana,India,2025-03-24
C00644,Netra Mandal,Male,krishupkaar@example.com,914579889425,Dindigul,Sikkim,India,2025-05-24
C00645,Lekha Bava,Male,qabilatwal@example.org,326509775,Gangtok,Madhya Pradesh,India,2023-11-08
C00646,Sudiksha Lall,Female,vdalal@example.com,8552457871,Kadapa,Himachal Pradesh,India,2024-10-09
C00647,Pooja Bal,Other,girindrakaran@example.com,911842547681,Sikar,Uttarakhand,India,2023-08-10
C00648,Lucky Kapadia,Female,issacirya@example.net,2988085838,Dindigul,Goa,India,2026-03-29
C00649,Upkaar Doshi,Female,rjain@example.org,4686775240,Chandrapur,Tamil Nadu,India,2023-09-19
C00650,Sathvik Bhavsar,Other,roylogan@example.org,2362669335,Kamarhati,Himachal Pradesh,India,2025-01-31
C00651,Jatin Doshi,Other,sachidhar@example.net,5018481973,Bihar Sharif,Uttarakhand,India,2023-11-02
C00652,Mitesh Bobal,Female,anita06@example.com,917692743811,New Delhi,West Bengal,India,2023-10-16
C00653,Rachana Sama,Other,cheemaati@example.net,4485645101,Latur,Odisha,India,2025-12-19
C00654,Amaira Chawla,Other,mprashad@example.net,6091919113,Amaravati,Sikkim,India,2024-11-25
C00655,Meera Baral,Other,ria79@example.net,916603920514,Bhopal,Telangana,India,2025-07-18
C00656,Jagrati Padmanabhan,Male,yuvraj47@example.org,7423885652,HubliDharwad,Karnataka,India,2024-10-14
C00657,Edhitha Mohan,Other,chananidra@example.com,7263475575,Gulbarga,Karnataka,India,2024-06-21
C00658,Dayita Toor,Male,pranav69@example.net,913119642585,Guntur,Madhya Pradesh,India,2023-06-19
C00659,Fitan Naik,Female,saanvibaria@example.org,2407333373,Ahmedabad,Jharkhand,India,2023-09-23
C00660,Vasudha Sarna,Other,ahanda@example.org,9696454655,Imphal,Nagaland,India,2024-02-24
C00661,Ekanta Koshy,Other,gopaltripathi@example.net,8519358374,Jaunpur,Punjab,India,2024-06-27
C00662,Dhruv Garg,Other,sendakshesh@example.com,2151494097,Guntur,Madhya Pradesh,India,2024-09-23
C00663,Dayita Yohannan,Other,ganga39@example.net,2895090591,Srikakulam,Assam,India,2024-01-23
C00664,Robert Kothari,Male,pratyushbalan@example.net,1511696667,Tiruvottiyur,Goa,India,2025-01-02
C00665,Peter Sani,Other,xalak12@example.com,3351571840,Proddatur,Arunachal Pradesh,India,2023-09-15
C00666,Om Agarwal,Other,agrawaleta@example.com,995123972,Hapur,Bihar,India,2025-06-19
C00667,Kavya Goel,Female,ggoel@example.org,908144152,Salem,Meghalaya,India,2026-01-12
C00668,Geetika Sha,Male,hsem@example.net,1535237360,Allahabad,Meghalaya,India,2023-12-30
C00669,Zinal Chand,Female,meera83@example.com,2734666617,Pallavaram,Bihar,India,2025-11-06
C00670,Lopa Mohan,Other,xmani@example.net,803149982,Nashik,Nagaland,India,2024-05-19
C00671,Lekha Guha,Female,charles68@example.net,918503172351,Shimla,Gujarat,India,2023-07-02
C00672,Chakradev Raj,Other,jacksonmannan@example.org,915263560229,Rampur,Maharashtra,India,2025-02-16
C00673,Samarth Mahajan,Other,aanne@example.com,4374906072,Madurai,Rajasthan,India,2025-06-16
C00674,Vrinda Bhavsar,Female,falakganesh@example.net,6484494116,Chandigarh,Nagaland,India,2023-10-05
C00675,Joshua Vasa,Male,singhvarenya@example.org,913062113695,Asansol,Manipur,India,2025-12-15
C00676,Yahvi Gulati,Other,eeshabassi@example.net,912542573066,Jalna,Mizoram,India,2025-03-17
C00677,Robert Nayak,Other,cbakshi@example.org,919848228501,Alappuzha,Mizoram,India,2023-08-10
C00678,Ekanta Prabhakar,Male,dharhemang@example.net,910609069130,Jaipur,Rajasthan,India,2025-01-07
C00679,Libni Mandal,Other,vsengupta@example.org,7945772785,Asansol,Jharkhand,India,2025-11-21
C00680,Lipika Kurian,Other,jhalakbail@example.com,2076836253,Bidar,Maharashtra,India,2025-04-30
C00681,Sachi Rama,Male,vpatla@example.com,6283333939,Madhyamgram,Nagaland,India,2024-10-18
C00682,Kavya Mohanty,Other,mayadhaliwal@example.com,918749603358,Yamunanagar,Mizoram,India,2026-01-02
C00683,Arjun Jhaveri,Female,rgera@example.net,9269326573,Morbi,Karnataka,India,2024-09-17
C00684,Gunbir Bhattacharyya,Male,bailabhiram@example.org,1553234159,Ballia,Uttarakhand,India,2025-03-31
C00685,Parth Mann,Male,,1822261896,Kishanganj,Nagaland,India,2024-10-03
C00686,Zaid Comar,Female,saichatterjee@example.org,916767209579,Sultan Pur Majra,Andhra Pradesh,India,2025-04-21
C00687,Harinakshi Chada,Female,ekapad22@example.net,6213541597,Gudivada,Maharashtra,India,2026-04-30
C00688,Zayyan Handa,Male,zinal07@example.com,910344765047,Thoothukudi,Nagaland,India,2026-05-23
C00689,Anirudh Mittal,Other,eiyengar@example.com,465586652,Bhilwara,Nagaland,India,2023-07-06
C00690,Amara Chacko,Male,zchad@example.net,8102131251,Aurangabad,Uttar Pradesh,India,2023-12-30
C00691,Faqid Andra,Male,omekavir@example.org,7519102312,Mysore,Andhra Pradesh,India,2024-02-16
C00692,Shivansh Bedi,Female,ramekani@example.net,3737927490,Udaipur,Mizoram,India,2024-09-18
C00693,Rudra Lall,Female,ranbirdasgupta@example.net,913253269496,Bellary,Maharashtra,India,2023-06-08
C00694,Wridesh Wali,Other,krishnamurthybaghyawati@example.org,910175096170,Imphal,Odisha,India,2024-03-03
C00694,Wridesh Wali,Other,krishnamurthybaghyawati@example.org,910175096170,Imphal,Odisha,India,2024-03-03
C00695,Dominic Lala,Female,shravya57@example.com,4758339205,Kirari Suleman Nagar,Manipur,India,2025-09-24
C00696,Ubika Shetty,Other,jdua@example.net,6025626506,Saharanpur,Odisha,India,2024-05-22
C00697,Girish Babu,Male,jsodhi@example.com,3076248433,Medininagar,Telangana,India,2026-04-03
C00698,Nathaniel Sura,Male,pandithitesh@example.org,7942387367,Aizawl,Rajasthan,India,2024-11-30
C00699,Pushti Dara,Other,baghyawatiom@example.net,2597107563,Khammam,Tamil Nadu,India,2023-11-22
C00700,Vamakshi Mand,Male,garima32@example.com,9399337970,Sasaram,Bihar,India,2024-02-12
C00701,Ekanta Bumb,Female,,7794176342,Allahabad,Meghalaya,India,2024-07-27
C00702,Falak Parekh,Male,ydhingra@example.com,7598339914,Jammu,Mizoram,India,2024-02-27
C00703,Yuvraj Puri,Female,tapte@example.com,912400615727,Miryalaguda,Goa,India,2025-10-24
C00704,Hritik Mahal,Male,mmajumdar@example.net,7429250105,Arrah,Chhattisgarh,India,2025-03-13
C00705,Atharv Saraf,Male,meghana25@example.net,914599080271,Kolhapur,Chhattisgarh,India,2024-05-12
C00706,Wahab Chanda,Male,ishanvi51@example.com,1768086628,Dhule,Manipur,India,2023-09-22
C00707,Utkarsh Khatri,Female,bajwacharles@example.net,3700332285,Munger,Tripura,India,2023-11-23
C00708,Anirudh Uppal,Other,waida06@example.net,910390339705,Amaravati,Kerala,India,2025-04-27
C00709,Mekhala Kala,Female,abhimanyumanda@example.com,5862394535,Singrauli,Bihar,India,2024-12-11
C00710,Ayush Sehgal,Male,ljayaraman@example.org,916133943945,Meerut,Rajasthan,India,2025-05-14
C00711,Teerth Vaidya,Other,mukherjeeadvik@example.org,915376576927,Kishanganj,Punjab,India,2025-04-18
C00712,Faras Chhabra,Other,balasubramanianchandresh@example.org,476921053,Bhusawal,Telangana,India,2024-04-09
C00713,Ati Sahni,Other,mishrabakhshi@example.org,2473107201,Noida,Manipur,India,2026-01-17
C00714,Anamika Bajaj,Other,ubhatnagar@example.net,913166007676,Ahmedabad,Odisha,India,2026-01-10
C00715,Avni Manda,Female,zjain@example.com,914337009687,Nashik,Jharkhand,India,2026-02-09
C00716,Tanmayi Sodhi,Other,kashviprabhu@example.net,8255629657,Jalna,Chhattisgarh,India,2024-07-04
C00717,Nikita Parsa,Female,mchadha@example.com,915577820582,Panvel,Rajasthan,India,2025-11-10
C00718,Liam Jha,Male,abumb@example.org,8081904823,Unnao,Bihar,India,2025-11-29
C00719,Megha Virk,Other,kkanda@example.com,6137230817,Madurai,Tamil Nadu,India,2024-05-23
C00720,Nidra Mitter,Female,gopalhalder@example.org,910413211471,Secunderabad,Sikkim,India,2026-04-08
C00721,Hemal Rama,Other,sathvik46@example.net,7990707550,Bhalswa Jahangir Pur,West Bengal,India,2024-08-16
C00722,Pahal Panchal,Other,ybala@example.org,1748113176,New Delhi,Punjab,India,2025-10-23
C00723,Ekantika Mukherjee,Male,nkalita@example.com,910290871827,Buxar,Madhya Pradesh,India,2026-05-15
C00724,Zehaan Dalal,Male,cghosh@example.com,910495612137,Kulti,Andhra Pradesh,India,2025-10-27
C00725,Krisha Bassi,Female,qadim35@example.net,7371122299,Bahraich,Meghalaya,India,2024-07-30
C00726,Ansh Vohra,Male,hitesh67@example.org,6861114576,Durgapur,Bihar,India,2024-07-07
C00727,Rachit Hegde,Female,jprakash@example.com,1296180332,Guntur,Telangana,India,2023-06-28
C00728,Kamya Bhasin,Other,chowdhuryamaira@example.net,425373377,Kakinada,Bihar,India,2025-07-09
C00729,Madhav Datta,Female,ekanshsridhar@example.net,919236534606,Pondicherry,Tripura,India,2023-12-07
C00730,Kashvi Raman,Male,vkar@example.org,9862398471,Ghaziabad,Andhra Pradesh,India,2024-08-07
C00730,Kashvi Raman,Male,vkar@example.org,9862398471,Ghaziabad,Andhra Pradesh,India,2024-08-07
C00731,Madhav Baral,Female,arunima64@example.com,5489547876,Nandyal,Karnataka,India,2024-09-01
C00732,Hema Walia,Male,krishnamurthyamrita@example.com,9835539354,Thanjavur,Mizoram,India,2023-09-09
C00733,Aishani Samra,Female,liammerchant@example.org,5885379821,Shahjahanpur,Gujarat,India,2025-06-12
C00734,Qadim Taneja,Male,,3674978524,Nizamabad,Bihar,India,2025-03-18
C00735,Aarush Bhavsar,Other,aachaltalwar@example.com,9489634067,Fatehpur,Maharashtra,India,2026-04-26
C00736,Logan Golla,Female,pathakchatura@example.org,914188421630,Hyderabad,Bihar,India,2024-07-30
C00737,Bhavani Sani,Female,vihaankannan@example.net,9485320895,Tirunelveli,Uttar Pradesh,India,2024-06-06
C00738,Samar Badal,Other,gavinmadan@example.com,911363379223,Aligarh,Andhra Pradesh,India,2026-04-26
C00739,Radhika Raju,Female,okala@example.org,916772696084,Pallavaram,Maharashtra,India,2024-02-18
C00740,Ekanta Bail,Female,ntripathi@example.com,9352196263,Satara,Kerala,India,2025-10-14
C00741,Bina Kashyap,Male,bsingh@example.net,3170695560,Junagadh,Telangana,India,2024-08-18
C00742,Gaurav Sarkar,Female,ijaya34@example.com,7223989830,Bharatpur,Arunachal Pradesh,India,2024-10-02
C00743,Nathan Chanda,Female,krishnafariq@example.net,7242642364,Saharsa,Assam,India,2025-09-12
C00744,Charles Goda,Male,upma62@example.org,913911142817,Mangalore,Chhattisgarh,India,2024-02-11
C00745,Yatan Anand,Male,onveer48@example.org,8062207223,Chapra,Uttar Pradesh,India,2025-01-06
C00746,Suhani Gill,Male,kotharineel@example.net,162047876,Loni,Manipur,India,2024-04-03
C00747,Nidhi Krishnamurthy,Other,,6287203195,Bhiwandi,Punjab,India,2026-04-21
C00748,Keya Mistry,Male,arjun57@example.org,913627924632,Ambattur,Manipur,India,2026-02-16
C00749,Unnati Shroff,Other,samarth72@example.com,913214505766,Khora ,Jharkhand,India,2024-03-05
C00750,Banjeet Srinivas,Other,,915534820128,Allahabad,Andhra Pradesh,India,2024-06-24
C00751,Arjun Sen,Male,znatt@example.net,5954508917,Bhiwani,Tripura,India,2024-12-11
C00752,Mitesh Purohit,Male,ria42@example.org,911964630040,Jammu,Maharashtra,India,2024-12-16
C00753,Max Sane,Male,shivansh01@example.org,914713727117,Tadepalligudem,Telangana,India,2025-02-14
C00754,Aarna Narayanan,Other,nachiket98@example.net,9330674584,Machilipatnam,Arunachal Pradesh,India,2026-05-10
C00755,Aarini Chhabra,Other,udantkanda@example.org,2188566695,Jodhpur,Haryana,India,2026-04-10
C00756,Dominic Murthy,Male,sarinnidra@example.com,916705514377,Giridih,Gujarat,India,2023-11-27
C00757,Bhavini Kohli,Female,gayathridutta@example.net,9611110286,Tiruchirappalli,Uttar Pradesh,India,2024-08-19
C00758,Charan Agate,Other,cgoel@example.org,5591024510,Thane,Punjab,India,2025-11-03
C00759,Onkar Raman,Other,rchokshi@example.net,9819421794,Kottayam,Bihar,India,2023-06-02
C00760,Bhanumati Balay,Male,qnigam@example.org,7758446634,Bhagalpur,Haryana,India,2024-11-27
C00761,Balhaar Buch,Other,dalalmanbir@example.org,2214559376,Bhilai,Rajasthan,India,2024-10-19
C00762,Shaurya Solanki,Other,patlanaksh@example.com,915100462776,Hospet,Chhattisgarh,India,2025-06-03
C00763,Divya Gour,Female,galazashil@example.com,917520238974,Bokaro,Maharashtra,India,2025-11-12
C00764,Jalsa Oza,Male,geetika01@example.com,3325848689,Raebareli,Tripura,India,2023-07-14
C00765,Suhani Mannan,Other,sbasu@example.com,916917679935,Hospet,Himachal Pradesh,India,2026-04-07
C00766,Veer Kumar,Male,alanka@example.net,910373606014,Pune,Mizoram,India,2024-04-26
C00767,Charan Taneja,Other,bhavnadalia@example.org,8528306153,Jaipur,Bihar,India,2026-01-08
C00768,Omkaar Master,Female,ojasvi26@example.org,2514488112,Delhi,Haryana,India,2023-10-22
C00769,Praneel Comar,Female,hnazareth@example.net,7817941515,Munger,Uttar Pradesh,India,2023-08-13
C00770,Andrew Chadha,Other,gabamadhav@example.com,918837505661,Rajpur Sonarpur,Goa,India,2023-12-26
C00771,Ekalinga Karan,Female,yshankar@example.com,5300730950,Sonipat,Maharashtra,India,2023-12-27
C00772,Divya Sheth,Male,desaigopal@example.net,8192778851,Ratlam,Haryana,India,2025-08-31
C00773,Chaaya Barad,Other,bhaktacharita@example.net,914624561851,Aizawl,Telangana,India,2024-05-09
C00774,Atharv Mane,Male,qasim12@example.net,9151145512,Ballia,Uttar Pradesh,India,2024-04-25
C00775,Aradhana Mukhopadhyay,Male,mishrachameli@example.org,461540211,Aligarh,Meghalaya,India,2023-08-27
C00776,Nidra Chhabra,Other,nathan98@example.org,915229107322,Vellore,Andhra Pradesh,India,2023-07-18
C00777,Raghav Tailor,Female,danielsani@example.org,6384526969,Agartala,Haryana,India,2025-06-17
C00778,Osha Kumer,Other,hagarwal@example.com,3429291320,Kulti,Telangana,India,2025-04-07
C00779,Megha Deol,Other,aradhanachowdhury@example.net,913106153722,Arrah,Karnataka,India,2023-07-23
C00780,Zilmil Maharaj,Female,ojaggi@example.org,916533774604,Bhiwani,Manipur,India,2026-05-08
C00781,Tara Viswanathan,Female,samar61@example.com,914426078197,Avadi,Rajasthan,India,2023-11-22
C00782,Anya Sood,Female,kmadan@example.com,917203763882,Agartala,Telangana,India,2024-02-02
C00783,Hardik Magar,Female,netra01@example.net,913443899827,Jalgaon,Andhra Pradesh,India,2024-07-12
C00784,Harita Agarwal,Male,lhari@example.org,4644936999,Jalandhar,Madhya Pradesh,India,2024-05-25
C00785,Yash Nair,Other,nayarishanvi@example.com,918573680119,Ahmednagar,Maharashtra,India,2024-10-31
C00786,Unni Sachar,Male,chauhanridhi@example.net,913335104096,Parbhani,Rajasthan,India,2026-01-06
C00787,Shaurya Chander,Other,warjas91@example.org,9830748207,Bulandshahr,Karnataka,India,2025-03-08
C00788,Arunima Acharya,Male,wpalla@example.com,2019043223,Mangalore,Gujarat,India,2023-09-19
C00789,Kevin Merchant,Male,qbhat@example.com,919201354621,Bhalswa Jahangir Pur,Madhya Pradesh,India,2025-11-24
C00790,Bakhshi Walia,Other,oshachopra@example.org,913126163248,Bidhannagar,Goa,India,2023-06-10
C00791,Saumya Sandal,Female,saimallick@example.com,9303646871,Cuttack,Arunachal Pradesh,India,2025-11-26
C00792,Varenya Rana,Female,chatreshvasa@example.org,3230898138,Sonipat,Mizoram,India,2024-02-08
C00793,Advika Natarajan,Female,pranavbasu@example.com,3231829716,Pondicherry,Manipur,India,2025-01-11
C00794,Geetika Balan,Female,apteavi@example.net,15291137,Bahraich,Uttar Pradesh,India,2023-11-29
C00795,Dakshesh Bal,Other,iramunshi@example.com,1844421829,Tumkur,Meghalaya,India,2026-02-06
C00796,Matthew Gill,Male,yachana90@example.com,7086700900,Sambalpur,Madhya Pradesh,India,2024-12-25
C00797,Gaurang Pathak,Male,mason66@example.net,913624835505,Tirunelveli,Uttar Pradesh,India,2024-06-14
C00798,Balveer Singhal,Male,raysarthak@example.org,9987950982,Amritsar,Arunachal Pradesh,India,2025-02-23
C00799,Jason Ramanathan,Male,jeet88@example.net,914428773836,Dehri,Rajasthan,India,2024-03-21
C00800,Xavier Dubey,Other,dhaliwalmugdha@example.net,4289464203,Bikaner,Kerala,India,2023-08-11
C00801,Tanish Chawla,Female,zayan17@example.org,4625540263,Mau,Nagaland,India,2025-08-01
C00802,Rehaan Bajaj,Other,singhalkrishna@example.com,4489880315,Miryalaguda,Tamil Nadu,India,2025-06-19
C00803,Anya Narula,Other,udyatibhatia@example.net,5040433335,Hajipur,Himachal Pradesh,India,2024-12-02
C00804,Megha Kapadia,Female,harshchana@example.org,9787180933,Davanagere,Meghalaya,India,2025-03-06
C00805,Ekantika Kara,Other,,916011987561,Orai,West Bengal,India,2024-01-25
C00806,Advaith Goyal,Male,avibalan@example.net,915618298036,Chittoor,Rajasthan,India,2024-08-21
C00807,Bhanumati Dar,Male,naggarwal@example.net,916595201491,Hajipur,Rajasthan,India,2025-07-11
C00808,Ikbal Zacharia,Female,upkaar36@example.net,5092632239,Srinagar,Haryana,India,2025-09-24
C00809,Geetika Sahota,Female,chandaaadhya@example.org,4288605053,Tenali,Maharashtra,India,2024-10-08
C00810,Zilmil Char,Female,davepooja@example.org,913083566910,Jamnagar,Sikkim,India,2024-09-21
C00811,Simon Chaudhry,Male,tejaskumar@example.com,688269177,Kishanganj,Rajasthan,India,2024-10-13
C00812,Aishani Mannan,Male,daliawyatt@example.com,873543788,Vellore,Arunachal Pradesh,India,2026-02-15
C00813,Jeet Bera,Male,prabhakarsiya@example.net,908599144,Pune,Tamil Nadu,India,2024-01-20
C00814,Noah Rau,Other,xprashad@example.net,8997184285,Jehanabad,Haryana,India,2026-05-27
C00815,Chaitaly Bail,Other,robert23@example.org,913426698069,Proddatur,Meghalaya,India,2023-11-10
C00816,Tanvi Sahni,Female,satheowen@example.net,914838935953,Kishanganj,Tripura,India,2023-11-18
C00817,Aarush Padmanabhan,Male,jdalal@example.net,9650826958,Raebareli,Sikkim,India,2023-06-21
C00818,Kritika Padmanabhan,Male,nbora@example.org,7612385951,Nellore,Tripura,India,2024-03-19
C00819,Wridesh Mukhopadhyay,Other,banjeet02@example.com,910086966101,Ambala,Gujarat,India,2024-03-20
C00820,Gaurika Bal,Male,bhattikeya@example.net,919414915076,Nagaon,Gujarat,India,2023-08-23
C00821,Nisha Dhawan,Other,pillaythomas@example.net,4077794620,Kolhapur,Telangana,India,2026-01-12
C00822,Kalpit Devan,Female,anirudh81@example.net,7602991406,Jabalpur,Gujarat,India,2024-08-16
C00823,Vincent Chakraborty,Male,,915523561781,Hyderabad,Gujarat,India,2024-01-05
C00824,Harsh Brar,Female,aadiraghavan@example.org,916385277895,Bhilai,Gujarat,India,2025-12-19
C00825,Chaman Mohanty,Other,chandran29@example.com,912648016440,Bidhannagar,Gujarat,India,2024-01-27
C00826,Mitali Singhal,Female,dharubika@example.net,8221021798,Kota,Rajasthan,India,2025-06-18
C00827,Onveer Oak,Female,osarma@example.com,918318285605,Chapra,Tripura,India,2023-12-30
C00828,Waida Sangha,Other,ddani@example.com,673682050,Panvel,Chhattisgarh,India,2024-10-06
C00829,Pranit Kapur,Female,falak21@example.com,5058714692,Nagaon,Rajasthan,India,2023-09-02
C00830,Elijah Dewan,Male,mitali79@example.org,9843699848,Kozhikode,Chhattisgarh,India,2025-09-23
C00831,Ganga Bandi,Other,rachitakrishna@example.net,2495988114,Bidhannagar,Rajasthan,India,2026-02-03
C00832,Balendra Sastry,Male,parikhpraneel@example.org,6767382097,Nadiad,Tripura,India,2025-01-20
C00833,Triya Talwar,Female,irajagopalan@example.org,9687225893,Agra,Uttar Pradesh,India,2023-08-26
C00834,Aadi Rastogi,Female,wazirpillay@example.org,4056695790,Amravati,Goa,India,2025-05-07
C00835,Hema Prasad,Other,zayan28@example.com,9632594232,Katni,Uttarakhand,India,2024-04-03
C00836,Harshil Oak,Female,qgala@example.org,5285725629,Sambhal,Odisha,India,2026-01-06
C00837,Hemal Wagle,Male,harsh38@example.org,6550784685,Phagwara,Karnataka,India,2024-01-30
C00838,Advika Kapur,Other,haridamini@example.net,1891179720,Nagaon,Uttarakhand,India,2025-09-07
C00839,Amruta Barad,Female,patlashivansh@example.com,1547155313,Ambarnath,Punjab,India,2025-07-13
C00840,Vamakshi Vohra,Female,khannapooja@example.com,94214105,Sirsa,Madhya Pradesh,India,2026-01-28
C00840,Vamakshi Vohra,Female,khannapooja@example.com,94214105,Sirsa,Madhya Pradesh,India,2026-01-28
C00841,Urvashi Bhasin,Male,vanyaahuja@example.com,2388856225,Erode,Arunachal Pradesh,India,2025-04-06
C00842,Shivani Yohannan,Female,tmammen@example.org,917585485965,Srikakulam,Jharkhand,India,2026-04-14
C00843,Daksha Dani,Male,sanghagaurangi@example.org,910002453931,Mira-Bhayandar,Rajasthan,India,2023-12-13
C00844,Eshana Nadig,Male,,913055708368,Salem,Jharkhand,India,2026-01-18
C00845,Libni Swaminathan,Female,xalakkapadia@example.com,7462025825,Bhagalpur,Assam,India,2024-04-29
C00846,Hitesh Deol,Male,,911239204910,Bangalore,Assam,India,2024-12-29
C00847,Adweta Suri,Male,samarsheth@example.com,918276817225,Madhyamgram,Karnataka,India,2024-12-22
C00848,Amaira Sule,Female,ladlidubey@example.net,915291876831,Meerut,Nagaland,India,2024-03-13
C00849,Jai Singh,Female,devshankar@example.net,913739920522,Gangtok,Odisha,India,2026-01-09
C00850,Nisha Garg,Female,saneeta@example.net,1438823255,Gangtok,West Bengal,India,2026-02-22
C00851,Ekaja Morar,Male,omisha17@example.net,7732643095,Nizamabad,Odisha,India,2026-02-06
C00852,Jackson Gole,Other,asarna@example.org,2712053978,Gorakhpur,Gujarat,India,2025-11-06
C00853,Lakshit Venkataraman,Male,kalpitdixit@example.org,1256083200,Begusarai,Meghalaya,India,2024-11-20
C00854,Zilmil Thakur,Male,rpalla@example.org,5852386003,Alwar,Jharkhand,India,2025-03-27
C00855,Finn Nagi,Other,sharmaekalinga@example.com,913910292950,Avadi,Gujarat,India,2024-02-15
C00856,Dakshesh Hegde,Female,sagarupma@example.org,919719126022,Dhule,Goa,India,2024-11-06
C00857,Nimrat Shukla,Other,chatreshcontractor@example.net,1116612201,Amroha,Chhattisgarh,India,2023-10-09
C00858,Yuvraj Hora,Female,balhaarmemon@example.net,916653802748,Jalgaon,Tripura,India,2025-08-02
C00859,Harish Chana,Female,arin86@example.net,2509522946,Pune,Uttarakhand,India,2025-10-09
C00860,Jeevika Palla,Female,zbhatti@example.net,399529701,Malda,Bihar,India,2025-11-20
C00861,Panini Parmer,Female,jeevika64@example.org,910412027061,Srikakulam,Goa,India,2023-11-04
C00862,Arunima Bhasin,Female,darshsavant@example.net,1669063224,Tiruvottiyur,Karnataka,India,2024-11-08
C00863,Abhimanyu Kapadia,Female,bachittar30@example.org,919567975649,Uluberia,Manipur,India,2024-03-14
C00864,Kamya Mane,Male,pgera@example.com,1247601080,Kottayam,Bihar,India,2025-03-09
C00865,Nitara Karpe,Other,senguptamohini@example.com,917268080815,Aligarh,Chhattisgarh,India,2023-07-14
C00866,Hema Bhat,Other,mchad@example.net,916713073510,Karimnagar,Mizoram,India,2025-03-12
C00867,Charita Iyengar,Female,hgill@example.net,910096258857,Haldia,Punjab,India,2026-04-12
C00868,Samarth Dara,Male,nathrushil@example.net,919627466621,Bhimavaram,Assam,India,2024-03-06
C00869,Vaishnavi Bahl,Female,bhandariamaira@example.com,6145901107,Bhind,Bihar,India,2024-12-27
C00870,Anmol Lala,Female,ekanshmadan@example.net,915315204998,Giridih,Jharkhand,India,2026-02-27
C00871,Megha Wadhwa,Other,pkapur@example.org,917971669841,Eluru,Bihar,India,2025-05-10
C00872,Bhavini Bawa,Female,ksrinivasan@example.com,913256238994,Phagwara,Manipur,India,2023-11-11
C00873,Aishani Gandhi,Female,bdewan@example.org,878211602,Rampur,Bihar,India,2025-11-02
C00874,Wahab Pingle,Other,hdin@example.org,889480186,Avadi,Nagaland,India,2025-12-19
C00875,Siya Parekh,Female,riatripathi@example.com,820048067,Bhalswa Jahangir Pur,Sikkim,India,2023-10-31
C00876,Ranbir Rai,Other,mistryneha@example.org,1287942968,Madhyamgram,Telangana,India,2023-09-12
C00877,Chandresh Loke,Male,pantveer@example.net,914196156078,Belgaum,Meghalaya,India,2025-09-03
C00878,Gauri Purohit,Other,hredhaan79@example.net,6240964966,Bilaspur,Punjab,India,2024-04-08
C00879,Sneha Vaidya,Other,max17@example.org,918516225936,Hosur,Nagaland,India,2024-09-14
C00880,Amaira Warrior,Female,swalia@example.net,919062467287,Khandwa,Andhra Pradesh,India,2023-10-17
C00881,Gaurav Mital,Male,kalaisaiah@example.net,3592361337,Mumbai,Karnataka,India,2025-04-15
C00882,Caleb Kumar,Other,yasti16@example.com,254472419,Haldia,Karnataka,India,2023-12-23
C00883,Bimala Mahal,Other,sahaneelima@example.org,7182498980,Rewa,Manipur,India,2025-05-14
C00884,Gunbir Magar,Female,savantanika@example.com,1359266486,Amaravati,Madhya Pradesh,India,2025-12-01
C00885,Devika Toor,Other,smuni@example.org,5945011929,Howrah,West Bengal,India,2025-07-04
C00886,Jalsa Koshy,Female,wbasu@example.org,917160398863,Satara,Haryana,India,2025-06-24
C00887,Harish Varma,Male,falak59@example.org,7000994248,Mangalore,Arunachal Pradesh,India,2024-08-25
C00888,Keya Mahal,Male,fsankar@example.com,915642045657,Mau,Nagaland,India,2024-04-18
C00889,Darika Nagar,Male,rehaantoor@example.net,916235466226,Ramagundam,Arunachal Pradesh,India,2026-02-04
C00890,Idika Karnik,Male,andrapavani@example.org,911224276774,Guntur,Tripura,India,2023-09-28
C00891,Madhavi Bala,Female,brarpeter@example.com,1158488600,Moradabad,Meghalaya,India,2024-05-13
C00892,Vasana Talwar,Other,rohanbuch@example.org,9570472642,Aurangabad,Chhattisgarh,India,2025-03-08
C00893,Chatresh Jani,Other,veer75@example.org,5968078525,Kottayam,Goa,India,2025-08-10
C00894,Viraj Thakur,Other,zehaan54@example.org,916445475231,Kolhapur,Gujarat,India,2024-05-06
C00895,Bhavika Yogi,Male,cchad@example.com,3342720388,Gulbarga,Uttarakhand,India,2023-11-17
C00896,Irya Arora,Female,bhavsarlila@example.org,914530693588,Shimoga,Punjab,India,2023-08-20
C00897,Victor Mody,Male,banikhemang@example.net,916778481652,Rohtak,Himachal Pradesh,India,2026-02-05
C00898,Advika Lala,Female,ibera@example.org,5179937810,New Delhi,Rajasthan,India,2026-03-02
C00899,Tanmayi Thakkar,Male,,4869996988,Khora ,Arunachal Pradesh,India,2025-03-15
C00900,Vasana Deol,Male,rcheema@example.com,2463019864,Agartala,Chhattisgarh,India,2024-05-02
C00901,Shivani Gaba,Other,wazirchauhan@example.org,918706293288,Gangtok,Nagaland,India,2026-02-17
C00902,Madhav Dara,Male,dadaalexander@example.org,912001867661,Ludhiana,Mizoram,India,2026-03-10
C00903,Libni Dara,Female,chackochakrika@example.org,6140384531,Karawal Nagar,Himachal Pradesh,India,2025-12-10
C00904,Robert Murty,Female,nilima95@example.net,910030762054,Giridih,Madhya Pradesh,India,2024-09-05
C00905,Garima Bahri,Other,sarinrachita@example.net,6411065411,Ichalkaranji,Andhra Pradesh,India,2024-09-23
C00906,Harish Rastogi,Female,upasna08@example.net,915836683482,Deoghar,Telangana,India,2025-11-03
C00907,Nathaniel Rama,Female,haurora@example.org,6888917879,Bharatpur,Andhra Pradesh,India,2025-02-12
C00908,Pranit Patil,Other,kbrahmbhatt@example.com,932012657,Nadiad,Andhra Pradesh,India,2024-07-12
C00909,Abdul Pillay,Other,elijahshenoy@example.com,8517774127,Kharagpur,Punjab,India,2024-04-28
C00910,Gopal Dhillon,Male,george99@example.com,916422297589,Hospet,Arunachal Pradesh,India,2023-12-21
C00911,Jeevika Lata,Female,henrypal@example.net,5705682092,Ambarnath,Meghalaya,India,2025-11-07
C00912,Chandran Bhatnagar,Female,tkanda@example.com,4072324728,Karaikudi,Punjab,India,2025-11-28
C00913,Abdul Bhardwaj,Female,sunderzinal@example.net,2247312616,Chennai,Meghalaya,India,2024-05-26
C00914,Daniel Chand,Other,prabhuaarav@example.net,917115261053,Meerut,Uttarakhand,India,2023-08-13
C00915,Caleb Bali,Male,zbobal@example.com,5007418948,Durg,Haryana,India,2025-02-15
C00916,Upadhriti Sachdev,Male,nitarapadmanabhan@example.org,4471619827,Bijapur,Uttar Pradesh,India,2025-11-06
C00917,Ekavir Banik,Other,gaurangi02@example.com,9632174357,Loni,Tripura,India,2025-01-12
C00918,Geetika Doshi,Male,dwagle@example.com,8606739834,Hosur,Mizoram,India,2026-01-22
C00919,Peter Nadkarni,Female,lavanyamisra@example.com,918055077406,Sultan Pur Majra,Punjab,India,2024-01-01
C00920,Januja Ranganathan,Female,sameshgoswami@example.net,919085510740,Muzaffarpur,Bihar,India,2024-06-03
C00921,Turvi Tripathi,Other,mchandran@example.net,912547602206,Muzaffarpur,Karnataka,India,2026-04-09
C00922,Fiyaz Goel,Male,butalakrishna@example.org,5950026015,Naihati,Gujarat,India,2025-11-14
C00923,Idika Lad,Male,cnori@example.com,717327980,Gudivada,Sikkim,India,2026-01-02
C00924,Vihaan Bhatti,Other,andramaya@example.com,9340391045,Patna,Gujarat,India,2024-07-07
C00925,Devansh Bora,Other,girindra35@example.net,2855359520,Munger,Assam,India,2024-09-13
C00926,Vidhi Arya,Other,raopriya@example.net,911867740378,Cuttack,Tamil Nadu,India,2023-07-08
C00927,Rishi Mani,Female,kavya30@example.org,7762550325,Srinagar,Meghalaya,India,2026-02-01
C00928,Dhriti Kumer,Female,mahikagour@example.com,917842902923,Aizawl,Karnataka,India,2024-01-20
C00929,Alexander Balay,Other,samachakradhar@example.com,910886843021,Yamunanagar,Madhya Pradesh,India,2025-12-26
C00930,Abeer Manda,Female,tanmayi59@example.net,7592129964,Tenali,Arunachal Pradesh,India,2024-09-30
C00931,Oni Gola,Male,dhaliwaltanvi@example.com,8214770920,Raipur,Assam,India,2024-02-10
C00932,Upkaar Ahuja,Female,ranbirsankar@example.net,911921581897,Ambarnath,Odisha,India,2025-10-27
C00933,Isaac Thakur,Male,ikakar@example.com,8819597721,Miryalaguda,Mizoram,India,2023-09-13
C00934,Harinakshi Khalsa,Male,wwarrior@example.net,3186928972,Bathinda,Jharkhand,India,2023-07-20
C00935,Yoshita Devi,Other,vanshagaba@example.org,912839482322,Nizamabad,Assam,India,2026-01-06
C00936,Arya Kakar,Other,imaranbhatti@example.com,9930202030,Jalgaon,Haryana,India,2024-04-01
C00937,Reva Tank,Male,joshua13@example.com,3028165064,Thiruvananthapuram,Andhra Pradesh,India,2025-12-22
C00938,Hemangini Kashyap,Other,dshan@example.com,9198321029,Vijayanagaram,Sikkim,India,2025-06-18
C00939,Upasna Misra,Other,kbaria@example.net,8310438419,Katni,Goa,India,2026-01-25
C00940,Samaksh Dani,Female,asur@example.net,915685667063,Jamnagar,Assam,India,2023-11-14
C00941,Janaki Pathak,Other,mitterbhavini@example.com,766349339,Hapur,Andhra Pradesh,India,2025-02-16
C00942,Oliver Setty,Male,kaiganguly@example.com,916114243625,Shimoga,Sikkim,India,2024-04-28
C00943,Waida Chaudhari,Female,odivan@example.org,4199643385,Guntur,Telangana,India,2023-11-14
C00944,Triveni Grover,Other,dakshesh58@example.org,913430311587,Bhopal,Kerala,India,2026-04-25
C00945,Kala Sibal,Male,fluthra@example.com,6945353659,Gopalpur,Madhya Pradesh,India,2026-05-11
C00946,Devansh Sankar,Male,avnidate@example.org,915450809594,Mau,Goa,India,2024-07-29
C00947,Ekantika Prabhu,Female,tranganathan@example.com,911307423591,Bokaro,Madhya Pradesh,India,2025-09-12
C00948,Charles Lanka,Other,yugdugar@example.com,914543079637,Vasai-Virar,Sikkim,India,2023-10-14
C00949,Jairaj Tandon,Other,oliver21@example.org,8718452354,Bhiwani,Mizoram,India,2026-02-16
C00950,Amara Tara,Female,chowdhurywidisha@example.org,2086523777,Gangtok,Maharashtra,India,2025-10-23
C00951,Niharika Guha,Female,upadhritiaggarwal@example.org,52781055,Vadodara,Andhra Pradesh,India,2024-08-13
C00952,Pranav Dave,Other,morequincy@example.com,3160943913,Dehri,Uttar Pradesh,India,2026-03-07
C00953,Warda Gala,Other,,913136955286,Indore,Punjab,India,2025-04-19
C00954,Yatin Padmanabhan,Other,kashvipandey@example.net,3322273938,Mumbai,Jharkhand,India,2025-05-08
C00955,Tristan Pandya,Male,kaikaran@example.com,1850761087,Sasaram,Goa,India,2024-07-04
C00956,Jai Tiwari,Female,ryanraj@example.org,910712615838,HubliDharwad,West Bengal,India,2024-08-01
C00957,Adweta Walla,Female,neha73@example.com,4223322280,Narasaraopet,Jharkhand,India,2024-11-23
C00958,Hiral Dube,Other,pranavpandya@example.com,916295350637,Jabalpur,West Bengal,India,2024-03-06
C00959,Anita Ranganathan,Female,gmajumdar@example.org,917538418520,Muzaffarnagar,Tripura,India,2025-05-11
C00960,Dakshesh Trivedi,Male,mohini39@example.net,5615470554,Akola,Rajasthan,India,2024-07-28
C00961,Gabriel Sangha,Female,ekbal19@example.net,5640919693,Hospet,Nagaland,India,2025-05-25
C00962,Darpan Sood,Male,,912042620197,Bhavnagar,Telangana,India,2024-11-27
C00963,Damyanti Borah,Female,yagneshsani@example.net,7897609873,Dehradun,Maharashtra,India,2025-05-27
C00963,Damyanti Borah,Female,yagneshsani@example.net,7897609873,Dehradun,Maharashtra,India,2025-05-27
C00964,Vihaan Buch,Male,kevinsarma@example.net,759889786,Patiala,Uttarakhand,India,2024-11-20
C00965,Dayamai Jain,Female,chandlavanya@example.com,3089523120,Jamshedpur,Odisha,India,2025-04-30
C00966,Ikshita Sunder,Male,smagar@example.net,7470002687,Farrukhabad,Jharkhand,India,2023-08-16
C00967,Watika Rattan,Male,sara97@example.com,916365604500,Sambalpur,Kerala,India,2025-01-19
C00968,Upma Issac,Other,rajuanita@example.net,9277119529,Rajahmundry,Karnataka,India,2024-05-11
C00969,Unnati Anand,Other,jhalakpalla@example.org,918276364315,Loni,Punjab,India,2024-01-13
C00970,Maya Palla,Male,odika63@example.com,4434414916,Narasaraopet,Haryana,India,2025-12-19
C00971,Anya Seshadri,Male,upkaar94@example.com,882230958,Warangal,Punjab,India,2025-12-01
C00972,Anamika Chaudhry,Male,nakulchawla@example.org,7202170754,Nellore,Jharkhand,India,2025-08-02
C00973,Kamala Nayar,Female,xdeo@example.org,913004496461,Phagwara,Haryana,India,2025-04-22
C00974,Lohit Parekh,Male,deshpandeishwar@example.org,7565896359,Chittoor,Andhra Pradesh,India,2025-02-11
C00975,Farhan Kamdar,Male,laljalsa@example.net,3456631138,Nashik,Gujarat,India,2025-01-30
C00976,Rayaan Reddy,Female,krishnabandi@example.org,914742463104,Hospet,Tamil Nadu,India,2024-04-22
C00977,Ayaan Bali,Male,lohit94@example.com,217741743,Barasat,Gujarat,India,2025-02-26
C00978,Mohammed Kari,Male,champak22@example.net,4665275233,Saharsa,Chhattisgarh,India,2025-12-10
C00979,Aditya Deshpande,Other,desaiganga@example.com,1330303346,Gandhidham,Assam,India,2025-04-15
C00979,Aditya Deshpande,Other,desaiganga@example.com,1330303346,Gandhidham,Assam,India,2025-04-15
C00980,Priya Shan,Male,advaith76@example.org,9955302453,Vijayawada,Goa,India,2025-08-14
C00981,Vinaya Garde,Female,ayushkalita@example.com,2028471901,Ujjain,Goa,India,2026-02-23
C00982,Brinda Ben,Male,dalbir76@example.com,8717754619,Bilaspur,Arunachal Pradesh,India,2025-05-27
C00983,Ridhi Dube,Male,vdivan@example.net,912259095668,Rohtak,Mizoram,India,2024-07-29
C00984,Yug Sunder,Female,raghavseth@example.net,912121101878,Noida,Tamil Nadu,India,2025-08-04
C00985,Chandresh Borah,Female,fbawa@example.com,392519994,Mangalore,Punjab,India,2024-06-15
C00986,Wakeeta Chaudry,Other,parthdhar@example.com,4338722054,Asansol,Bihar,India,2024-05-15
C00987,Ekani Lad,Other,mhanda@example.net,833444704,Danapur,Punjab,India,2024-07-17
C00988,Advik Madan,Female,,205968519,Jhansi,Uttar Pradesh,India,2025-02-26
C00989,Aarini Gopal,Male,osane@example.net,912956342777,Tirunelveli,Goa,India,2025-06-18
C00990,Anay Sahota,Male,rastogiikshita@example.net,912920592294,Madurai,Karnataka,India,2026-02-25
C00991,Tejas Basak,Male,eeshamutti@example.net,9636372629,Bokaro,Arunachal Pradesh,India,2026-03-10
C00992,Gautami Lad,Female,norigunbir@example.org,911380049832,Gwalior,Goa,India,2024-09-16
C00993,Oscar Bose,Male,chaman81@example.net,8268687640,Ballia,Bihar,India,2025-12-20
C00994,Dalbir Ramachandran,Male,dalaja20@example.org,2987787358,Munger,Rajasthan,India,2025-01-03
C00995,Deepa Dani,Female,ndayal@example.com,2192622132,Farrukhabad,Tamil Nadu,India,2024-08-15
C00996,Nihal Kulkarni,Female,isaiahmanda@example.net,8911797269,Ramgarh,Tamil Nadu,India,2023-08-11
C00997,Yoshita Issac,Male,bahridakshesh@example.org,6602000532,Jammu,Nagaland,India,2024-12-30
C00998,Aarush Nagy,Male,narainpraneel@example.com,918380582692,Allahabad,Manipur,India,2024-08-09
C00999,Nihal Shankar,Female,,3328389633,Vellore,Telangana,India,2024-08-11
C01000,Ishaan Rau,Other,mitalisha@example.org,916841013282,Kamarhati,Tamil Nadu,India,2023-09-01
